0,0,0,0,0,0,0,0,0,0,0,0,0,0,0,0,0,0,0,0,0,0,0,0,0,0,0,0,0,0,0,0,0,0,0,0,0,0,0,0,0,0,0,0,0,0,0,0,0,0,0,0,0,0,0,0,0,0,0,0,0,0,0,one
0.387870728969574,0.9009666442871094,4.031866751574853e-07,0.3893769383430481,0.8363693356513977,-0.025735240429639816,0.36367520689964294,0.7596570253372192,-0.057256557047367096,0.33613789081573486,0.7140157222747803,-0.08575547486543655,0.31133410334587097,0.6800769567489624,-0.11837078630924225,0.3390359580516815,0.6746346950531006,-0.09335751831531525,0.31905102729797363,0.5426124334335327,-0.14495038986206055,0.31275132298469543,0.4606228768825531,-0.1764766424894333,0.30961740016937256,0.39123669266700745,-0.19889293611049652,0.3319271206855774,0.72209632396698,-0.1050497367978096,0.2630196213722229,0.7185913324356079,-0.16036103665828705,0.3010687828063965,0.7496838569641113,-0.17007972300052643,0.34610259532928467,0.7540954351425171,-0.1731003373861313,0.3273003101348877,0.804519772529602,-0.11702796071767807,0.26264750957489014,0.8202179670333862,-0.1689312607049942,0.3096908628940582,0.8249322175979614,-0.15775999426841736,0.3610648810863495,0.81194669008255,-0.14398814737796783,0.3253345787525177,0.8927761316299438,-0.12954312562942505,0.2731967866420746,0.903350830078125,-0.17426277697086334,0.29610949754714966,0.9049657583236694,-0.17053450644016266,0.3281978368759155,0.8930423259735107,-0.16114701330661774,one
0,0,0,0,0,0,0,0,0,0,0,0,0,0,0,0,0,0,0,0,0,0,0,0,0,0,0,0,0,0,0,0,0,0,0,0,0,0,0,0,0,0,0,0,0,0,0,0,0,0,0,0,0,0,0,0,0,0,0,0,0,0,0,one
0,0,0,0,0,0,0,0,0,0,0,0,0,0,0,0,0,0,0,0,0,0,0,0,0,0,0,0,0,0,0,0,0,0,0,0,0,0,0,0,0,0,0,0,0,0,0,0,0,0,0,0,0,0,0,0,0,0,0,0,0,0,0,one
0.39633870124816895,0.9121319055557251,2.808343708693428e-07,0.3614850342273712,0.8534009456634521,-0.018344087526202202,0.31071022152900696,0.7864162921905518,-0.04906339570879936,0.26509517431259155,0.7514204978942871,-0.07566692680120468,0.22232982516288757,0.724270761013031,-0.10546232014894485,0.3498769700527191,0.6767001152038574,-0.09731759130954742,0.32587215304374695,0.5356435179710388,-0.14727231860160828,0.31414198875427246,0.4527500867843628,-0.176937535405159,0.31079164147377014,0.3823612928390503,-0.19749213755130768,0.37075668573379517,0.7157236337661743,-0.1087389588356018,0.271640807390213,0.7044567465782166,-0.15599486231803894,0.2775998115539551,0.7627623081207275,-0.15568807721138,0.30858951807022095,0.7777416706085205,-0.15209925174713135,0.37487488985061646,0.7944477796554565,-0.11902247369289398,0.27381056547164917,0.8110464811325073,-0.1621132493019104,0.28572145104408264,0.8440794348716736,-0.14141561090946198,0.3218325674533844,0.8406009078025818,-0.12176553159952164,0.368519127368927,0.8817098140716553,-0.1290244460105896,0.28973785042762756,0.9035826325416565,-0.1693035066127777,0.28723829984664917,0.9207082986831665,-0.16091123223304749,0.30842143297195435,0.9086692333221436,-0.14767201244831085,one
0.3871060609817505,0.9034579992294312,4.267344309027976e-07,0.3791716992855072,0.8328781127929688,-0.01700376719236374,0.35268735885620117,0.7531847357749939,-0.04984533414244652,0.32172149419784546,0.7083255648612976,-0.08054544031620026,0.2962867021560669,0.6762500405311584,-0.11644678562879562,0.34354639053344727,0.6773279905319214,-0.10127213597297668,0.3210713565349579,0.5395041108131409,-0.15233495831489563,0.31623411178588867,0.4533068835735321,-0.18147143721580505,0.3160557448863983,0.38278570771217346,-0.20187902450561523,0.33560794591903687,0.730262041091919,-0.1165521889925003,0.2628892660140991,0.7198582887649536,-0.16874045133590698,0.2982218265533447,0.7474291324615479,-0.1738836169242859,0.3428158760070801,0.755534827709198,-0.17463310062885284,0.3303104341030121,0.8161975741386414,-0.13014863431453705,0.26918524503707886,0.8210878968238831,-0.1790093630552292,0.3165518641471863,0.8181589245796204,-0.16484227776527405,0.3682801127433777,0.8071127533912659,-0.14984972774982452,0.32956424355506897,0.9065641760826111,-0.1429014652967453,0.2843613028526306,0.9045138359069824,-0.1859656721353531,0.3141202926635742,0.8971683979034424,-0.17965175211429596,0.3500773310661316,0.8829416632652283,-0.1688002645969391,one
0.3684278130531311,0.910760223865509,4.818655838789709e-07,0.37345582246780396,0.8380221128463745,-0.025052295997738838,0.36170923709869385,0.7532714009284973,-0.057382237166166306,0.34358182549476624,0.7026455402374268,-0.08721031248569489,0.32988277077674866,0.670055627822876,-0.12127050757408142,0.33631759881973267,0.680224597454071,-0.09990214556455612,0.3177809417247772,0.5421962141990662,-0.15211039781570435,0.3163532018661499,0.4585774540901184,-0.18206872045993805,0.31488338112831116,0.39000746607780457,-0.20284537971019745,0.31345683336257935,0.7353057861328125,-0.11235034465789795,0.2788621187210083,0.7122365832328796,-0.16821089386940002,0.32549917697906494,0.7351905703544617,-0.17686651647090912,0.3693775534629822,0.7444960474967957,-0.17929203808307648,0.3023657202720642,0.8206764459609985,-0.12428513914346695,0.28979647159576416,0.812312126159668,-0.17866086959838867,0.34781813621520996,0.8072823286056519,-0.16965319216251373,0.39824217557907104,0.8002455234527588,-0.15732084214687347,0.3023436963558197,0.9124758839607239,-0.1361585408449173,0.30653542280197144,0.9053975343704224,-0.18157552182674408,0.3528319001197815,0.8942258954048157,-0.17718712985515594,0.3924490511417389,0.8824064135551453,-0.16752231121063232,one
0.36919623613357544,0.8932671546936035,1.7782393513243733e-07,0.31677594780921936,0.8645342588424683,-0.027421964332461357,0.2724497318267822,0.8035750389099121,-0.05375853553414345,0.23430752754211426,0.7614431977272034,-0.07612083107233047,0.1953670084476471,0.7270559072494507,-0.09941825270652771,0.33203405141830444,0.6918826103210449,-0.08434678614139557,0.32255250215530396,0.543128252029419,-0.1264857053756714,0.31564393639564514,0.45813778042793274,-0.15008577704429626,0.31073254346847534,0.38912275433540344,-0.1657373607158661,0.3622165322303772,0.7024775743484497,-0.08794920891523361,0.2954482436180115,0.6852247714996338,-0.13416901230812073,0.2855391502380371,0.7485990524291992,-0.13500942289829254,0.2985283136367798,0.7768957614898682,-0.12996579706668854,0.374647855758667,0.7420242428779602,-0.09211520105600357,0.3112240433692932,0.7412606477737427,-0.13247261941432953,0.30248019099235535,0.7856152653694153,-0.11563785374164581,0.3152395486831665,0.8046493530273438,-0.0969579666852951,0.3760513365268707,0.7855873107910156,-0.097577303647995,0.3318829834461212,0.7742909789085388,-0.13033457100391388,0.3196784257888794,0.800152599811554,-0.12137269228696823,0.32696542143821716,0.8130589723587036,-0.10731638967990875,one
0.4011431634426117,0.9023593664169312,2.810630803651293e-07,0.36736494302749634,0.8502399921417236,-0.020972585305571556,0.31587591767311096,0.7861598134040833,-0.048182446509599686,0.26399824023246765,0.7557379007339478,-0.07081063091754913,0.21578289568424225,0.7403818368911743,-0.09681874513626099,0.348957359790802,0.6879895329475403,-0.08890148997306824,0.32877296209335327,0.5443727374076843,-0.13038434088230133,0.3177257180213928,0.4630035161972046,-0.15489569306373596,0.3144972324371338,0.3931502103805542,-0.1715250164270401,0.3622119426727295,0.7213413715362549,-0.09508603811264038,0.2852288782596588,0.6952826976776123,-0.13415610790252686,0.27460503578186035,0.7473774552345276,-0.13650758564472198,0.2886345684528351,0.7690877914428711,-0.1354876011610031,0.3655628561973572,0.7869446873664856,-0.0999009758234024,0.29032301902770996,0.7900122404098511,-0.13214583694934845,0.2835898995399475,0.8198944330215454,-0.11750329285860062,0.3005991578102112,0.8246549963951111,-0.103525310754776,0.3616017997264862,0.8612989187240601,-0.10494059324264526,0.2985694706439972,0.8659160733222961,-0.13221284747123718,0.2901175618171692,0.879084050655365,-0.12298756837844849,0.30461281538009644,0.8755401372909546,-0.1106804609298706,one
0,0,0,0,0,0,0,0,0,0,0,0,0,0,0,0,0,0,0,0,0,0,0,0,0,0,0,0,0,0,0,0,0,0,0,0,0,0,0,0,0,0,0,0,0,0,0,0,0,0,0,0,0,0,0,0,0,0,0,0,0,0,0,one
0,0,0,0,0,0,0,0,0,0,0,0,0,0,0,0,0,0,0,0,0,0,0,0,0,0,0,0,0,0,0,0,0,0,0,0,0,0,0,0,0,0,0,0,0,0,0,0,0,0,0,0,0,0,0,0,0,0,0,0,0,0,0,one
0,0,0,0,0,0,0,0,0,0,0,0,0,0,0,0,0,0,0,0,0,0,0,0,0,0,0,0,0,0,0,0,0,0,0,0,0,0,0,0,0,0,0,0,0,0,0,0,0,0,0,0,0,0,0,0,0,0,0,0,0,0,0,one
0,0,0,0,0,0,0,0,0,0,0,0,0,0,0,0,0,0,0,0,0,0,0,0,0,0,0,0,0,0,0,0,0,0,0,0,0,0,0,0,0,0,0,0,0,0,0,0,0,0,0,0,0,0,0,0,0,0,0,0,0,0,0,one
0,0,0,0,0,0,0,0,0,0,0,0,0,0,0,0,0,0,0,0,0,0,0,0,0,0,0,0,0,0,0,0,0,0,0,0,0,0,0,0,0,0,0,0,0,0,0,0,0,0,0,0,0,0,0,0,0,0,0,0,0,0,0,one
0,0,0,0,0,0,0,0,0,0,0,0,0,0,0,0,0,0,0,0,0,0,0,0,0,0,0,0,0,0,0,0,0,0,0,0,0,0,0,0,0,0,0,0,0,0,0,0,0,0,0,0,0,0,0,0,0,0,0,0,0,0,0,one
0,0,0,0,0,0,0,0,0,0,0,0,0,0,0,0,0,0,0,0,0,0,0,0,0,0,0,0,0,0,0,0,0,0,0,0,0,0,0,0,0,0,0,0,0,0,0,0,0,0,0,0,0,0,0,0,0,0,0,0,0,0,0,one
0,0,0,0,0,0,0,0,0,0,0,0,0,0,0,0,0,0,0,0,0,0,0,0,0,0,0,0,0,0,0,0,0,0,0,0,0,0,0,0,0,0,0,0,0,0,0,0,0,0,0,0,0,0,0,0,0,0,0,0,0,0,0,one
0,0,0,0,0,0,0,0,0,0,0,0,0,0,0,0,0,0,0,0,0,0,0,0,0,0,0,0,0,0,0,0,0,0,0,0,0,0,0,0,0,0,0,0,0,0,0,0,0,0,0,0,0,0,0,0,0,0,0,0,0,0,0,one
0,0,0,0,0,0,0,0,0,0,0,0,0,0,0,0,0,0,0,0,0,0,0,0,0,0,0,0,0,0,0,0,0,0,0,0,0,0,0,0,0,0,0,0,0,0,0,0,0,0,0,0,0,0,0,0,0,0,0,0,0,0,0,one
0.4270515739917755,0.9963061809539795,-3.9405952634297137e-07,0.38318493962287903,0.9033112525939941,-0.0034150260034948587,0.3434680700302124,0.8005764484405518,-0.017903035506606102,0.3106048107147217,0.7344775199890137,-0.03448552265763283,0.2802770137786865,0.6932296752929688,-0.052775975316762924,0.39571380615234375,0.7129114270210266,-0.05406937003135681,0.40062209963798523,0.5773873329162598,-0.10025227814912796,0.3397645056247711,0.5416373014450073,-0.11905894428491592,0.29119110107421875,0.5494974851608276,-0.12639564275741577,0.429953396320343,0.7549920678138733,-0.07320179045200348,0.31661728024482727,0.7092312574386597,-0.11502521485090256,0.2846105694770813,0.7734164595603943,-0.10929494351148605,0.29963046312332153,0.8108326196670532,-0.09966772049665451,0.4467480778694153,0.8309868574142456,-0.09409868717193604,0.325600802898407,0.7980716824531555,-0.14226533472537994,0.29125863313674927,0.8547707796096802,-0.12534621357917786,0.30228668451309204,0.8883865475654602,-0.10414779931306839,0.4509211480617523,0.9153375029563904,-0.1137668564915657,0.34958866238594055,0.891787052154541,-0.1544094979763031,0.3122110366821289,0.9201608896255493,-0.14758242666721344,0.3153885304927826,0.9420159459114075,-0.1337224394083023,one
0,0,0,0,0,0,0,0,0,0,0,0,0,0,0,0,0,0,0,0,0,0,0,0,0,0,0,0,0,0,0,0,0,0,0,0,0,0,0,0,0,0,0,0,0,0,0,0,0,0,0,0,0,0,0,0,0,0,0,0,0,0,0,one
0,0,0,0,0,0,0,0,0,0,0,0,0,0,0,0,0,0,0,0,0,0,0,0,0,0,0,0,0,0,0,0,0,0,0,0,0,0,0,0,0,0,0,0,0,0,0,0,0,0,0,0,0,0,0,0,0,0,0,0,0,0,0,one
0,0,0,0,0,0,0,0,0,0,0,0,0,0,0,0,0,0,0,0,0,0,0,0,0,0,0,0,0,0,0,0,0,0,0,0,0,0,0,0,0,0,0,0,0,0,0,0,0,0,0,0,0,0,0,0,0,0,0,0,0,0,0,one
0,0,0,0,0,0,0,0,0,0,0,0,0,0,0,0,0,0,0,0,0,0,0,0,0,0,0,0,0,0,0,0,0,0,0,0,0,0,0,0,0,0,0,0,0,0,0,0,0,0,0,0,0,0,0,0,0,0,0,0,0,0,0,one
0.40356868505477905,0.9067992568016052,6.226320579116873e-07,0.41575300693511963,0.8421980142593384,-0.03334040939807892,0.402069091796875,0.7747085094451904,-0.07351016253232956,0.3839055895805359,0.7282765507698059,-0.1110653281211853,0.3735477030277252,0.6838022470474243,-0.15256711840629578,0.3317071497440338,0.7128241658210754,-0.10728119313716888,0.3277147710323334,0.5754814743995667,-0.16927319765090942,0.3390559256076813,0.4839950203895569,-0.2052903175354004,0.34893184900283813,0.4120979607105255,-0.2289990931749344,0.2936517894268036,0.7706573605537415,-0.11863081157207489,0.27386197447776794,0.7386319041252136,-0.18530215322971344,0.34605368971824646,0.7595921754837036,-0.19611923396587372,0.4027233123779297,0.7754996418952942,-0.19756759703159332,0.28162842988967896,0.8562437891960144,-0.13117791712284088,0.2849961221218109,0.8378762006759644,-0.19547083973884583,0.3652271628379822,0.8352733254432678,-0.1857895404100418,0.42421603202819824,0.8356717824935913,-0.17061834037303925,0.2932092845439911,0.9442840814590454,-0.14470405876636505,0.3101111948490143,0.9362914562225342,-0.1978054940700531,0.368470698595047,0.9242831468582153,-0.19554300606250763,0.41071075201034546,0.9175379872322083,-0.1859307885169983,one
0,0,0,0,0,0,0,0,0,0,0,0,0,0,0,0,0,0,0,0,0,0,0,0,0,0,0,0,0,0,0,0,0,0,0,0,0,0,0,0,0,0,0,0,0,0,0,0,0,0,0,0,0,0,0,0,0,0,0,0,0,0,0,one
0,0,0,0,0,0,0,0,0,0,0,0,0,0,0,0,0,0,0,0,0,0,0,0,0,0,0,0,0,0,0,0,0,0,0,0,0,0,0,0,0,0,0,0,0,0,0,0,0,0,0,0,0,0,0,0,0,0,0,0,0,0,0,one
0,0,0,0,0,0,0,0,0,0,0,0,0,0,0,0,0,0,0,0,0,0,0,0,0,0,0,0,0,0,0,0,0,0,0,0,0,0,0,0,0,0,0,0,0,0,0,0,0,0,0,0,0,0,0,0,0,0,0,0,0,0,0,one
0,0,0,0,0,0,0,0,0,0,0,0,0,0,0,0,0,0,0,0,0,0,0,0,0,0,0,0,0,0,0,0,0,0,0,0,0,0,0,0,0,0,0,0,0,0,0,0,0,0,0,0,0,0,0,0,0,0,0,0,0,0,0,one
0,0,0,0,0,0,0,0,0,0,0,0,0,0,0,0,0,0,0,0,0,0,0,0,0,0,0,0,0,0,0,0,0,0,0,0,0,0,0,0,0,0,0,0,0,0,0,0,0,0,0,0,0,0,0,0,0,0,0,0,0,0,0,one
0,0,0,0,0,0,0,0,0,0,0,0,0,0,0,0,0,0,0,0,0,0,0,0,0,0,0,0,0,0,0,0,0,0,0,0,0,0,0,0,0,0,0,0,0,0,0,0,0,0,0,0,0,0,0,0,0,0,0,0,0,0,0,one
0.4082811176776886,0.9037287831306458,4.1187522015206923e-07,0.41383516788482666,0.8194254636764526,-0.026695694774389267,0.3901802897453308,0.738924503326416,-0.05812443792819977,0.36435261368751526,0.6788634061813354,-0.08570078015327454,0.34113743901252747,0.6371558308601379,-0.11835868656635284,0.36012548208236694,0.7025178670883179,-0.10191003233194351,0.34482935070991516,0.5667085647583008,-0.1558837741613388,0.3474953770637512,0.48086071014404297,-0.18976326286792755,0.3521290719509125,0.41278523206710815,-0.21400019526481628,0.35102182626724243,0.7527809143066406,-0.11166311055421829,0.2664804756641388,0.7332851886749268,-0.17121975123882294,0.29886361956596375,0.7672165036201477,-0.18243351578712463,0.34078407287597656,0.7841745018959045,-0.18564748764038086,0.3451201319694519,0.8303166031837463,-0.12103313952684402,0.2778230309486389,0.8358448147773743,-0.1770092248916626,0.32081785798072815,0.8472187519073486,-0.16864050924777985,0.3691999018192291,0.8526578545570374,-0.15578673779964447,0.3482564091682434,0.908427357673645,-0.1306217759847641,0.2986404597759247,0.9224671721458435,-0.18035773932933807,0.3265707194805145,0.9284392595291138,-0.179993137717247,0.3617739975452423,0.9260612726211548,-0.17220357060432434,one
0,0,0,0,0,0,0,0,0,0,0,0,0,0,0,0,0,0,0,0,0,0,0,0,0,0,0,0,0,0,0,0,0,0,0,0,0,0,0,0,0,0,0,0,0,0,0,0,0,0,0,0,0,0,0,0,0,0,0,0,0,0,0,one
0,0,0,0,0,0,0,0,0,0,0,0,0,0,0,0,0,0,0,0,0,0,0,0,0,0,0,0,0,0,0,0,0,0,0,0,0,0,0,0,0,0,0,0,0,0,0,0,0,0,0,0,0,0,0,0,0,0,0,0,0,0,0,one
0.3906363844871521,0.9236034154891968,3.694254075981007e-07,0.39253586530685425,0.8378669619560242,-0.020915985107421875,0.37686362862586975,0.749381959438324,-0.05108360946178436,0.35864710807800293,0.688666045665741,-0.0779302567243576,0.34468942880630493,0.644251823425293,-0.11013390868902206,0.3458453416824341,0.7053948640823364,-0.10498794913291931,0.33343586325645447,0.5621242523193359,-0.16132338345050812,0.3382006883621216,0.4764255881309509,-0.19790484011173248,0.343318372964859,0.40684452652931213,-0.22451983392238617,0.3411085605621338,0.7589961290359497,-0.11786706000566483,0.2558055520057678,0.7436187267303467,-0.1771315038204193,0.2902888059616089,0.7740650773048401,-0.1897936463356018,0.3305538594722748,0.7891794443130493,-0.19578948616981506,0.33970120549201965,0.8393467664718628,-0.12945711612701416,0.2718049883842468,0.8462167382240295,-0.18566176295280457,0.32506561279296875,0.8506932258605957,-0.1781764179468155,0.379423588514328,0.8485365509986877,-0.16681955754756927,0.34539079666137695,0.9197508096694946,-0.14043375849723816,0.3027399480342865,0.9349182844161987,-0.19256740808486938,0.3385522961616516,0.936631441116333,-0.19311200082302094,0.3782217502593994,0.9274078607559204,-0.18601134419441223,one
0.3784908354282379,0.9413411617279053,3.827822752100474e-07,0.39088258147239685,0.849999189376831,-0.022751417011022568,0.3815085291862488,0.7528793811798096,-0.053003959357738495,0.36974287033081055,0.6846923232078552,-0.08138495683670044,0.36385512351989746,0.6324863433837891,-0.11457431316375732,0.33916744589805603,0.7083032131195068,-0.09880494326353073,0.32800066471099854,0.5666320323944092,-0.15342989563941956,0.3342825174331665,0.47962409257888794,-0.18684524297714233,0.3384270668029785,0.4121466279029846,-0.21123629808425903,0.32053735852241516,0.7664363980293274,-0.11349793523550034,0.2594977915287018,0.749533474445343,-0.17636801302433014,0.3144189417362213,0.7728065848350525,-0.18970440328121185,0.3647265136241913,0.7858706712722778,-0.19469575583934784,0.3132131099700928,0.8516564965248108,-0.12778739631175995,0.27400830388069153,0.8518828749656677,-0.18793757259845734,0.3429740369319916,0.8439410328865051,-0.18227528035640717,0.4019468426704407,0.8370006084442139,-0.17134827375411987,0.3191363513469696,0.9379310011863708,-0.14176525175571442,0.3001854121685028,0.9401431679725647,-0.19346560537815094,0.3473423719406128,0.9311537742614746,-0.19387446343898773,0.3890688419342041,0.9182367920875549,-0.18727684020996094,one
0.3988036811351776,0.916458249092102,4.1300941688859893e-07,0.39922764897346497,0.8364383578300476,-0.018411755561828613,0.37759023904800415,0.7550703287124634,-0.05097907409071922,0.3533164858818054,0.6969399452209473,-0.08069513738155365,0.3343661427497864,0.6535902619361877,-0.11658576875925064,0.34719207882881165,0.7130866050720215,-0.10853308439254761,0.32812583446502686,0.5710970163345337,-0.1627824753522873,0.3297693431377411,0.48375123739242554,-0.1977928727865219,0.33313649892807007,0.41234445571899414,-0.2235344797372818,0.3372723162174225,0.759727418422699,-0.12243151664733887,0.27902740240097046,0.7447062730789185,-0.17428314685821533,0.3054598271846771,0.7714611887931824,-0.18376341462135315,0.3308490216732025,0.7842795848846436,-0.19117999076843262,0.3353988826274872,0.8374016284942627,-0.13436003029346466,0.28615397214889526,0.8433404564857483,-0.18141549825668335,0.32716649770736694,0.8498186469078064,-0.1699560284614563,0.36542826890945435,0.8514564037322998,-0.16041530668735504,0.33980265259742737,0.9209431409835815,-0.14592871069908142,0.30730196833610535,0.9412517547607422,-0.19050012528896332,0.33293211460113525,0.9446136951446533,-0.18778611719608307,0.35850322246551514,0.938864529132843,-0.18122170865535736,one
0.38420987129211426,0.9713112115859985,6.271959023251839e-07,0.39611876010894775,0.8827800750732422,-0.0470026470720768,0.3858577013015747,0.7904922962188721,-0.09245239198207855,0.3790287673473358,0.72322016954422,-0.13350026309490204,0.37839120626449585,0.6623105406761169,-0.1789417415857315,0.27723458409309387,0.74772709608078,-0.11591462045907974,0.3026426434516907,0.5976943969726562,-0.18132980167865753,0.32136818766593933,0.49859464168548584,-0.22185738384723663,0.33383044600486755,0.41722434759140015,-0.2497292309999466,0.24272072315216064,0.8307629227638245,-0.12313903868198395,0.27242550253868103,0.7762898206710815,-0.19550074636936188,0.3560026288032532,0.7695876359939575,-0.21406519412994385,0.41287142038345337,0.7751448750495911,-0.22164909541606903,0.24775683879852295,0.9271448254585266,-0.13253051042556763,0.2848086357116699,0.8786091208457947,-0.20541608333587646,0.370715469121933,0.8493876457214355,-0.2030465304851532,0.428741455078125,0.8420014381408691,-0.19170017540454865,0.27870213985443115,1.0158792734146118,-0.14404138922691345,0.32274171710014343,0.9755741357803345,-0.20583699643611908,0.38649627566337585,0.9444576501846313,-0.20954151451587677,0.429997980594635,0.934509813785553,-0.2032393366098404,one
0.3622899353504181,0.9610908031463623,5.488624879035342e-07,0.3734484910964966,0.8714712858200073,-0.05157304182648659,0.3625815510749817,0.7840869426727295,-0.09794819355010986,0.3631872534751892,0.7125294208526611,-0.13963869214057922,0.369232177734375,0.6497480869293213,-0.18511848151683807,0.2530561685562134,0.7621460556983948,-0.11415567994117737,0.2893325984477997,0.6387951374053955,-0.177138552069664,0.31642472743988037,0.5490315556526184,-0.21573445200920105,0.3343459367752075,0.4733372926712036,-0.2424761950969696,0.22739461064338684,0.8501519560813904,-0.11960049718618393,0.27970588207244873,0.8087856769561768,-0.1932498812675476,0.366913378238678,0.7962064743041992,-0.21276842057704926,0.422432005405426,0.7942624092102051,-0.22037848830223083,0.24006594717502594,0.9448049068450928,-0.127578467130661,0.2924116551876068,0.8996991515159607,-0.1994665563106537,0.3799213767051697,0.8666216135025024,-0.1955394148826599,0.43647241592407227,0.8527812957763672,-0.18282942473888397,0.2770004868507385,1.026243805885315,-0.13853101432323456,0.3267156779766083,0.9903032779693604,-0.19697634875774384,0.3866109848022461,0.9583276510238647,-0.1991625279188156,0.42533382773399353,0.9433803558349609,-0.1920507699251175,one
0,0,0,0,0,0,0,0,0,0,0,0,0,0,0,0,0,0,0,0,0,0,0,0,0,0,0,0,0,0,0,0,0,0,0,0,0,0,0,0,0,0,0,0,0,0,0,0,0,0,0,0,0,0,0,0,0,0,0,0,0,0,0,one
0.3553203046321869,0.9326106905937195,5.427585847428418e-07,0.379655122756958,0.8495638370513916,-0.03349727764725685,0.3876803517341614,0.7764909863471985,-0.07566925883293152,0.3905344605445862,0.7402994632720947,-0.11743228882551193,0.3914921283721924,0.7082099318504333,-0.16413496434688568,0.2942996621131897,0.7065732479095459,-0.10754799842834473,0.2977173328399658,0.5766311883926392,-0.1672675609588623,0.3034384846687317,0.4918977618217468,-0.2029590904712677,0.30820906162261963,0.4234863221645355,-0.22795575857162476,0.2544502317905426,0.7781150341033936,-0.12281093746423721,0.26819348335266113,0.770379364490509,-0.1939617097377777,0.3413679003715515,0.7795661687850952,-0.21363718807697296,0.3975721597671509,0.7846840620040894,-0.22179315984249115,0.24623100459575653,0.8701387643814087,-0.13863593339920044,0.2749793529510498,0.8684915900230408,-0.20918668806552887,0.35913053154945374,0.8553905487060547,-0.2069593369960785,0.4212126135826111,0.8472513556480408,-0.19569431245326996,0.262430340051651,0.9548565149307251,-0.1555130034685135,0.29009848833084106,0.954108715057373,-0.21030661463737488,0.3435186743736267,0.9439576268196106,-0.21035929024219513,0.3828416168689728,0.935930609703064,-0.2024431973695755,one
0,0,0,0,0,0,0,0,0,0,0,0,0,0,0,0,0,0,0,0,0,0,0,0,0,0,0,0,0,0,0,0,0,0,0,0,0,0,0,0,0,0,0,0,0,0,0,0,0,0,0,0,0,0,0,0,0,0,0,0,0,0,0,one
0,0,0,0,0,0,0,0,0,0,0,0,0,0,0,0,0,0,0,0,0,0,0,0,0,0,0,0,0,0,0,0,0,0,0,0,0,0,0,0,0,0,0,0,0,0,0,0,0,0,0,0,0,0,0,0,0,0,0,0,0,0,0,one
0.3919684588909149,0.9058849811553955,2.6650985773812863e-07,0.3962368965148926,0.8113930225372314,-0.021145904436707497,0.3716602027416229,0.720306396484375,-0.048234228044748306,0.34456562995910645,0.6546696424484253,-0.0727350041270256,0.33065131306648254,0.6086808443069458,-0.10247773677110672,0.34226495027542114,0.6999760270118713,-0.09948894381523132,0.3180621266365051,0.5689947009086609,-0.15159066021442413,0.3153086304664612,0.4872525930404663,-0.18278582394123077,0.3122825026512146,0.4238932132720947,-0.2057301104068756,0.3266478478908539,0.7646276354789734,-0.11310134828090668,0.2644709646701813,0.7565141320228577,-0.1740073263645172,0.32274752855300903,0.7845182418823242,-0.18402571976184845,0.37677302956581116,0.7928277850151062,-0.1874437779188156,0.3170824944972992,0.8512634038925171,-0.12583135068416595,0.2749009430408478,0.8586614727973938,-0.18334759771823883,0.3416861593723297,0.8582563996315002,-0.1731782704591751,0.401935338973999,0.8519564867019653,-0.16052097082138062,0.32053089141845703,0.9347531795501709,-0.13824516534805298,0.2900640666484833,0.9512955546379089,-0.1852882355451584,0.33504238724708557,0.950395941734314,-0.18146120011806488,0.377346932888031,0.9375342130661011,-0.17322568595409393,one
0.42174139618873596,0.9016944169998169,3.3691165413074486e-07,0.3983552157878876,0.8467319011688232,-0.018961120396852493,0.35432979464530945,0.7801487445831299,-0.04627010226249695,0.3113901913166046,0.7417670488357544,-0.07009001076221466,0.26868510246276855,0.7196776866912842,-0.09805665165185928,0.3728331923484802,0.7099213600158691,-0.08995341509580612,0.3519052565097809,0.5737395882606506,-0.1317668855190277,0.3507700562477112,0.4942854642868042,-0.1584196239709854,0.35600510239601135,0.42468857765197754,-0.17734043300151825,0.3805135488510132,0.7453181147575378,-0.09769643843173981,0.3185630142688751,0.7331835031509399,-0.13940946757793427,0.3274979591369629,0.7670365571975708,-0.14577849209308624,0.35356831550598145,0.7766767740249634,-0.1491861790418625,0.37979698181152344,0.8098859786987305,-0.10358644276857376,0.31523966789245605,0.8129407167434692,-0.13593612611293793,0.33152925968170166,0.8300210237503052,-0.12297065556049347,0.36422044038772583,0.8327063322067261,-0.11250022798776627,0.3751961290836334,0.8803743720054626,-0.10991829633712769,0.32455843687057495,0.8878883719444275,-0.1403525024652481,0.3351726531982422,0.895415186882019,-0.13480691611766815,0.3611660301685333,0.8918877840042114,-0.12609022855758667,one
0,0,0,0,0,0,0,0,0,0,0,0,0,0,0,0,0,0,0,0,0,0,0,0,0,0,0,0,0,0,0,0,0,0,0,0,0,0,0,0,0,0,0,0,0,0,0,0,0,0,0,0,0,0,0,0,0,0,0,0,0,0,0,one
0,0,0,0,0,0,0,0,0,0,0,0,0,0,0,0,0,0,0,0,0,0,0,0,0,0,0,0,0,0,0,0,0,0,0,0,0,0,0,0,0,0,0,0,0,0,0,0,0,0,0,0,0,0,0,0,0,0,0,0,0,0,0,one
0,0,0,0,0,0,0,0,0,0,0,0,0,0,0,0,0,0,0,0,0,0,0,0,0,0,0,0,0,0,0,0,0,0,0,0,0,0,0,0,0,0,0,0,0,0,0,0,0,0,0,0,0,0,0,0,0,0,0,0,0,0,0,one
0,0,0,0,0,0,0,0,0,0,0,0,0,0,0,0,0,0,0,0,0,0,0,0,0,0,0,0,0,0,0,0,0,0,0,0,0,0,0,0,0,0,0,0,0,0,0,0,0,0,0,0,0,0,0,0,0,0,0,0,0,0,0,one
0,0,0,0,0,0,0,0,0,0,0,0,0,0,0,0,0,0,0,0,0,0,0,0,0,0,0,0,0,0,0,0,0,0,0,0,0,0,0,0,0,0,0,0,0,0,0,0,0,0,0,0,0,0,0,0,0,0,0,0,0,0,0,one
0,0,0,0,0,0,0,0,0,0,0,0,0,0,0,0,0,0,0,0,0,0,0,0,0,0,0,0,0,0,0,0,0,0,0,0,0,0,0,0,0,0,0,0,0,0,0,0,0,0,0,0,0,0,0,0,0,0,0,0,0,0,0,one
0,0,0,0,0,0,0,0,0,0,0,0,0,0,0,0,0,0,0,0,0,0,0,0,0,0,0,0,0,0,0,0,0,0,0,0,0,0,0,0,0,0,0,0,0,0,0,0,0,0,0,0,0,0,0,0,0,0,0,0,0,0,0,one
0,0,0,0,0,0,0,0,0,0,0,0,0,0,0,0,0,0,0,0,0,0,0,0,0,0,0,0,0,0,0,0,0,0,0,0,0,0,0,0,0,0,0,0,0,0,0,0,0,0,0,0,0,0,0,0,0,0,0,0,0,0,0,one
0,0,0,0,0,0,0,0,0,0,0,0,0,0,0,0,0,0,0,0,0,0,0,0,0,0,0,0,0,0,0,0,0,0,0,0,0,0,0,0,0,0,0,0,0,0,0,0,0,0,0,0,0,0,0,0,0,0,0,0,0,0,0,one
0,0,0,0,0,0,0,0,0,0,0,0,0,0,0,0,0,0,0,0,0,0,0,0,0,0,0,0,0,0,0,0,0,0,0,0,0,0,0,0,0,0,0,0,0,0,0,0,0,0,0,0,0,0,0,0,0,0,0,0,0,0,0,one
0.40485256910324097,0.9771295785903931,2.3046662533943163e-07,0.3339356780052185,0.9188834428787231,-0.016475848853588104,0.27264538407325745,0.844319224357605,-0.040902744978666306,0.22898037731647491,0.8020658493041992,-0.06531672179698944,0.19361324608325958,0.7611880898475647,-0.09210583567619324,0.34544116258621216,0.7150200605392456,-0.06824015825986862,0.33877095580101013,0.5790601968765259,-0.11672865599393845,0.3356021046638489,0.4899039566516876,-0.14597617089748383,0.34283214807510376,0.41700074076652527,-0.1646435707807541,0.3787118196487427,0.7534992694854736,-0.08332978188991547,0.2850625514984131,0.7421693801879883,-0.13608859479427338,0.2649672329425812,0.8068742156028748,-0.14506657421588898,0.27739113569259644,0.8360487222671509,-0.1431155949831009,0.3990246057510376,0.828903317451477,-0.09897170960903168,0.30384767055511475,0.853973388671875,-0.14633013308048248,0.2983526289463043,0.8836863040924072,-0.13512594997882843,0.3217473030090332,0.8767162561416626,-0.11727595329284668,0.408272385597229,0.9166617393493652,-0.1150415688753128,0.3321634531021118,0.9392885565757751,-0.15658850967884064,0.3144587278366089,0.958778440952301,-0.15210123360157013,0.32757073640823364,0.9491955041885376,-0.1386871337890625,one
0,0,0,0,0,0,0,0,0,0,0,0,0,0,0,0,0,0,0,0,0,0,0,0,0,0,0,0,0,0,0,0,0,0,0,0,0,0,0,0,0,0,0,0,0,0,0,0,0,0,0,0,0,0,0,0,0,0,0,0,0,0,0,one
0,0,0,0,0,0,0,0,0,0,0,0,0,0,0,0,0,0,0,0,0,0,0,0,0,0,0,0,0,0,0,0,0,0,0,0,0,0,0,0,0,0,0,0,0,0,0,0,0,0,0,0,0,0,0,0,0,0,0,0,0,0,0,one
0.4039970338344574,0.9375287890434265,3.9323791156675725e-07,0.356187105178833,0.8846718072891235,-0.02469412237405777,0.3021923005580902,0.8211500644683838,-0.051291950047016144,0.2582957148551941,0.7901948094367981,-0.07342255860567093,0.21440500020980835,0.7635834217071533,-0.09875278174877167,0.3496733009815216,0.7260633111000061,-0.09290098398923874,0.33917611837387085,0.5787135362625122,-0.137832373380661,0.336731880903244,0.497774600982666,-0.16309839487075806,0.3376523554325104,0.4288325607776642,-0.17970779538154602,0.369821697473526,0.7663648724555969,-0.10079263150691986,0.3077387809753418,0.7514916658401489,-0.14902529120445251,0.2900066375732422,0.7999475002288818,-0.1583937555551529,0.29317453503608704,0.8204737305641174,-0.15993209183216095,0.38129639625549316,0.8395683169364929,-0.10772210359573364,0.31996235251426697,0.8647200465202332,-0.15020009875297546,0.3055494427680969,0.8855296969413757,-0.143900066614151,0.3102794885635376,0.8813000917434692,-0.1329682618379593,0.383462518453598,0.9204427003860474,-0.11487661302089691,0.33371368050575256,0.9425301551818848,-0.15202830731868744,0.3206482231616974,0.9608792662620544,-0.14813090860843658,0.3269091248512268,0.9593448638916016,-0.13735951483249664,one
0.41646721959114075,0.9591954946517944,2.861931989173172e-07,0.3807108998298645,0.8931295871734619,-0.020017938688397408,0.325176477432251,0.8196157813072205,-0.043464452028274536,0.2735220491886139,0.7829515337944031,-0.06413259357213974,0.22642406821250916,0.7543672919273376,-0.0880783349275589,0.36137866973876953,0.7231082916259766,-0.07840703427791595,0.34639298915863037,0.584046483039856,-0.12372442334890366,0.3417016565799713,0.49845296144485474,-0.1491258293390274,0.3444964587688446,0.42774906754493713,-0.16463065147399902,0.37748610973358154,0.7717697024345398,-0.08854948729276657,0.3029298484325409,0.7577164173126221,-0.13764669001102448,0.2986903786659241,0.8051042556762695,-0.14594125747680664,0.31704238057136536,0.8244245052337646,-0.1449017971754074,0.38811567425727844,0.8518510460853577,-0.09833972901105881,0.3170221745967865,0.8679156303405762,-0.14332520961761475,0.31715795397758484,0.8840217590332031,-0.1348629891872406,0.33607640862464905,0.8736605048179626,-0.12019716948270798,0.39346620440483093,0.9385954737663269,-0.10796114057302475,0.33480942249298096,0.9531915187835693,-0.14416351914405823,0.3223302960395813,0.9640073180198669,-0.13834311068058014,0.3305206894874573,0.9545319080352783,-0.12565501034259796,one
0,0,0,0,0,0,0,0,0,0,0,0,0,0,0,0,0,0,0,0,0,0,0,0,0,0,0,0,0,0,0,0,0,0,0,0,0,0,0,0,0,0,0,0,0,0,0,0,0,0,0,0,0,0,0,0,0,0,0,0,0,0,0,one
0.43497899174690247,0.9503676295280457,3.4972936191479675e-07,0.3676454424858093,0.8903970718383789,-0.012717478908598423,0.309543251991272,0.8161872625350952,-0.03740525245666504,0.26684659719467163,0.7739464044570923,-0.060265325009822845,0.2254599928855896,0.7382240295410156,-0.08614756166934967,0.3682509958744049,0.7081359624862671,-0.0872732549905777,0.35738834738731384,0.5682426691055298,-0.1392132192850113,0.3514104187488556,0.4734560251235962,-0.17287765443325043,0.3537662625312805,0.3944161534309387,-0.1953345239162445,0.4144384562969208,0.738731324672699,-0.10264899581670761,0.32049721479415894,0.7224761843681335,-0.15338589251041412,0.3038497567176819,0.7853192687034607,-0.15777139365673065,0.31693339347839355,0.8094539642333984,-0.15551230311393738,0.43903490900993347,0.8071290850639343,-0.11662755906581879,0.3280247151851654,0.8321048021316528,-0.1567079871892929,0.3099692463874817,0.8746676445007324,-0.13466082513332367,0.327053964138031,0.879899263381958,-0.11330835521221161,0.4465191960334778,0.8860146999359131,-0.13125774264335632,0.3488878905773163,0.9122108817100525,-0.16731081902980804,0.3164379894733429,0.9458264112472534,-0.15654850006103516,0.3194691240787506,0.9488575458526611,-0.14079676568508148,one
0.4268592596054077,0.9197858572006226,2.5047813778655836e-07,0.3777361214160919,0.8532607555389404,-0.01827426441013813,0.3188464343547821,0.7846055030822754,-0.044759348034858704,0.26941511034965515,0.7503364682197571,-0.06742359697818756,0.2240295708179474,0.7231493592262268,-0.09263264387845993,0.36665189266204834,0.684827983379364,-0.08970574289560318,0.35308346152305603,0.5459915399551392,-0.14074863493442535,0.34433838725090027,0.45747971534729004,-0.17387568950653076,0.34352192282676697,0.3830215036869049,-0.19661331176757812,0.4055248200893402,0.7211713194847107,-0.10033182799816132,0.30648982524871826,0.7028055191040039,-0.14875513315200806,0.2882969081401825,0.7699992656707764,-0.1511687934398651,0.3019561767578125,0.7972201704978943,-0.14822371304035187,0.4251699447631836,0.7935674786567688,-0.11035554111003876,0.3177937865257263,0.8079285621643066,-0.1490757167339325,0.29444876313209534,0.8490384221076965,-0.12817078828811646,0.3076956272125244,0.8538873195648193,-0.10835186392068863,0.4290263056755066,0.8735944628715515,-0.12127421051263809,0.3390907645225525,0.891331136226654,-0.1558852642774582,0.3021729290485382,0.9193277359008789,-0.1461237221956253,0.3008250296115875,0.9208452105522156,-0.1318604052066803,one
0,0,0,0,0,0,0,0,0,0,0,0,0,0,0,0,0,0,0,0,0,0,0,0,0,0,0,0,0,0,0,0,0,0,0,0,0,0,0,0,0,0,0,0,0,0,0,0,0,0,0,0,0,0,0,0,0,0,0,0,0,0,0,one
0,0,0,0,0,0,0,0,0,0,0,0,0,0,0,0,0,0,0,0,0,0,0,0,0,0,0,0,0,0,0,0,0,0,0,0,0,0,0,0,0,0,0,0,0,0,0,0,0,0,0,0,0,0,0,0,0,0,0,0,0,0,0,one
0,0,0,0,0,0,0,0,0,0,0,0,0,0,0,0,0,0,0,0,0,0,0,0,0,0,0,0,0,0,0,0,0,0,0,0,0,0,0,0,0,0,0,0,0,0,0,0,0,0,0,0,0,0,0,0,0,0,0,0,0,0,0,one
0.3693332374095917,0.937937319278717,2.694019940463477e-07,0.3850516080856323,0.8710187673568726,-0.03607061877846718,0.36697012186050415,0.7871817946434021,-0.061914049088954926,0.32490235567092896,0.7462498545646667,-0.08470908552408218,0.2884710431098938,0.7327283620834351,-0.10849054902791977,0.30355924367904663,0.6819353103637695,-0.06244451552629471,0.2997436821460724,0.5453022122383118,-0.10592909157276154,0.2979187071323395,0.46442630887031555,-0.13320448994636536,0.29481756687164307,0.3965555727481842,-0.15142537653446198,0.2664594054222107,0.7263410091400146,-0.06392206996679306,0.24832123517990112,0.7117586731910706,-0.11464597284793854,0.29411622881889343,0.7374415993690491,-0.12859472632408142,0.33609122037887573,0.7484493255615234,-0.13121281564235687,0.24682442843914032,0.7974885106086731,-0.06807015836238861,0.24788343906402588,0.7944254875183105,-0.1202654018998146,0.30688583850860596,0.7999864816665649,-0.11677246540784836,0.3529362678527832,0.8001830577850342,-0.10369911044836044,0.24135495722293854,0.8796682357788086,-0.0740070641040802,0.2533622086048126,0.8660905957221985,-0.11624357849359512,0.3005315661430359,0.8585034608840942,-0.11514962464570999,0.3391391336917877,0.8478856086730957,-0.1045696809887886,one
0.3589188754558563,0.9543997049331665,1.0365155844738183e-07,0.3035152852535248,0.8925808668136597,-0.019626399502158165,0.24245363473892212,0.8132103681564331,-0.042043156921863556,0.19410862028598785,0.7692410349845886,-0.062494270503520966,0.15653294324874878,0.7395509481430054,-0.08483658730983734,0.3135351836681366,0.6807013154029846,-0.0681769996881485,0.29785025119781494,0.5394667983055115,-0.10978427529335022,0.28994128108024597,0.4566280245780945,-0.13568289577960968,0.28824204206466675,0.38681560754776,-0.15401813387870789,0.3328470289707184,0.7224108576774597,-0.08024471998214722,0.2535995841026306,0.7136792540550232,-0.1294918656349182,0.26029714941978455,0.7728450894355774,-0.13789670169353485,0.29213467240333557,0.7942228317260742,-0.13801543414592743,0.34008002281188965,0.7991483807563782,-0.09252958744764328,0.26766377687454224,0.8187975883483887,-0.13793395459651947,0.28539130091667175,0.8493129014968872,-0.12755997478961945,0.3204478919506073,0.8478125333786011,-0.11286327242851257,0.3411366939544678,0.8853475451469421,-0.10517996549606323,0.28616851568222046,0.9045610427856445,-0.14297886192798615,0.29712462425231934,0.9265809655189514,-0.13583019375801086,0.3259293735027313,0.9226791262626648,-0.1227845624089241,one
0,0,0,0,0,0,0,0,0,0,0,0,0,0,0,0,0,0,0,0,0,0,0,0,0,0,0,0,0,0,0,0,0,0,0,0,0,0,0,0,0,0,0,0,0,0,0,0,0,0,0,0,0,0,0,0,0,0,0,0,0,0,0,one
0.3828420341014862,0.909624457359314,2.8957234121662623e-07,0.38008636236190796,0.8419740796089172,-0.021103186532855034,0.35007432103157043,0.7654176354408264,-0.04753512144088745,0.31734997034072876,0.7249294519424438,-0.07206348329782486,0.28651562333106995,0.6982953548431396,-0.09990739822387695,0.3392708897590637,0.6791355013847351,-0.08364035934209824,0.311938613653183,0.5497611165046692,-0.13316167891025543,0.30263417959213257,0.46706458926200867,-0.162311390042305,0.29852914810180664,0.3990727365016937,-0.18203501403331757,0.3320156931877136,0.7283114194869995,-0.09702550619840622,0.2539699375629425,0.7197155356407166,-0.15213260054588318,0.28308096528053284,0.7552153468132019,-0.16288696229457855,0.3234109580516815,0.7631953954696655,-0.1648605912923813,0.3243540823459625,0.8078979849815369,-0.11058177053928375,0.2577860355377197,0.8186836242675781,-0.16161733865737915,0.297552227973938,0.8317477703094482,-0.15272846817970276,0.34303760528564453,0.8224189877510071,-0.13895340263843536,0.3195367753505707,0.8928203582763672,-0.12442118674516678,0.267159104347229,0.8994702100753784,-0.164310023188591,0.2863624393939972,0.9014391899108887,-0.15932978689670563,0.31567391753196716,0.8876065015792847,-0.14872007071971893,one
0.37328848242759705,0.9131146669387817,3.5127982300764415e-07,0.3749110698699951,0.8438764214515686,-0.022638389840722084,0.3567335903644562,0.7660194039344788,-0.051397860050201416,0.3312632441520691,0.7229726910591125,-0.07680467516183853,0.3052755296230316,0.697134792804718,-0.10598588734865189,0.338074654340744,0.6787141561508179,-0.09209772199392319,0.3142169415950775,0.5451222062110901,-0.14244990050792694,0.3076363503932953,0.4644058346748352,-0.17253434658050537,0.30357426404953003,0.3954257369041443,-0.19370098412036896,0.3303496539592743,0.7240550518035889,-0.10368300974369049,0.2517938017845154,0.7125659584999084,-0.1556885540485382,0.2829192578792572,0.7494159936904907,-0.16402800381183624,0.32422593235969543,0.7596433162689209,-0.1662386655807495,0.3230481743812561,0.803960919380188,-0.11494001746177673,0.2594945728778839,0.8139327764511108,-0.16587227582931519,0.30242297053337097,0.8227205872535706,-0.15663893520832062,0.3497793972492218,0.8141255974769592,-0.1438250094652176,0.31963247060775757,0.8909223079681396,-0.12595519423484802,0.2801614999771118,0.8970545530319214,-0.16879300773143768,0.31081146001815796,0.8968603610992432,-0.16425949335098267,0.3473345637321472,0.8852550983428955,-0.15427172183990479,one
0.04390812665224075,0.8871700763702393,-1.147975439153015e-07,0.09629092365503311,0.89444500207901,-0.004792565479874611,0.1338568478822708,0.8810843229293823,-0.0046868398785591125,0.1481686532497406,0.8415766358375549,-0.007087547332048416,0.14391835033893585,0.8081904053688049,-0.009503107517957687,0.1215163841843605,0.813944399356842,0.011621290817856789,0.13873721659183502,0.7801386713981628,0.0002842095273081213,0.13995575904846191,0.8008398413658142,-0.010932603850960732,0.13414092361927032,0.8213624954223633,-0.017094332724809647,0.10158570110797882,0.7970736026763916,0.008479669690132141,0.12052415311336517,0.7576733231544495,-0.004661690443754196,0.1202385425567627,0.7877280712127686,-0.015694094821810722,0.11123586446046829,0.8132541179656982,-0.020867997780442238,0.07835909724235535,0.7823299169540405,0.00308083463460207,0.09804631769657135,0.7429823875427246,-0.011773552745580673,0.0987301841378212,0.7784554362297058,-0.014868831261992455,0.09099230170249939,0.8057972192764282,-0.01357970293611288,0.04962845891714096,0.7696435451507568,-0.002749842591583729,0.06945493072271347,0.743843674659729,-0.01356488186866045,0.072854183614254,0.7734778523445129,-0.012316198088228703,0.06751900166273117,0.7981736063957214,-0.009121143259108067,three
0,0,0,0,0,0,0,0,0,0,0,0,0,0,0,0,0,0,0,0,0,0,0,0,0,0,0,0,0,0,0,0,0,0,0,0,0,0,0,0,0,0,0,0,0,0,0,0,0,0,0,0,0,0,0,0,0,0,0,0,0,0,0,three
0,0,0,0,0,0,0,0,0,0,0,0,0,0,0,0,0,0,0,0,0,0,0,0,0,0,0,0,0,0,0,0,0,0,0,0,0,0,0,0,0,0,0,0,0,0,0,0,0,0,0,0,0,0,0,0,0,0,0,0,0,0,0,three
0,0,0,0,0,0,0,0,0,0,0,0,0,0,0,0,0,0,0,0,0,0,0,0,0,0,0,0,0,0,0,0,0,0,0,0,0,0,0,0,0,0,0,0,0,0,0,0,0,0,0,0,0,0,0,0,0,0,0,0,0,0,0,three
0,0,0,0,0,0,0,0,0,0,0,0,0,0,0,0,0,0,0,0,0,0,0,0,0,0,0,0,0,0,0,0,0,0,0,0,0,0,0,0,0,0,0,0,0,0,0,0,0,0,0,0,0,0,0,0,0,0,0,0,0,0,0,three
0,0,0,0,0,0,0,0,0,0,0,0,0,0,0,0,0,0,0,0,0,0,0,0,0,0,0,0,0,0,0,0,0,0,0,0,0,0,0,0,0,0,0,0,0,0,0,0,0,0,0,0,0,0,0,0,0,0,0,0,0,0,0,three
0,0,0,0,0,0,0,0,0,0,0,0,0,0,0,0,0,0,0,0,0,0,0,0,0,0,0,0,0,0,0,0,0,0,0,0,0,0,0,0,0,0,0,0,0,0,0,0,0,0,0,0,0,0,0,0,0,0,0,0,0,0,0,three
0,0,0,0,0,0,0,0,0,0,0,0,0,0,0,0,0,0,0,0,0,0,0,0,0,0,0,0,0,0,0,0,0,0,0,0,0,0,0,0,0,0,0,0,0,0,0,0,0,0,0,0,0,0,0,0,0,0,0,0,0,0,0,three
0,0,0,0,0,0,0,0,0,0,0,0,0,0,0,0,0,0,0,0,0,0,0,0,0,0,0,0,0,0,0,0,0,0,0,0,0,0,0,0,0,0,0,0,0,0,0,0,0,0,0,0,0,0,0,0,0,0,0,0,0,0,0,three
0,0,0,0,0,0,0,0,0,0,0,0,0,0,0,0,0,0,0,0,0,0,0,0,0,0,0,0,0,0,0,0,0,0,0,0,0,0,0,0,0,0,0,0,0,0,0,0,0,0,0,0,0,0,0,0,0,0,0,0,0,0,0,three
0,0,0,0,0,0,0,0,0,0,0,0,0,0,0,0,0,0,0,0,0,0,0,0,0,0,0,0,0,0,0,0,0,0,0,0,0,0,0,0,0,0,0,0,0,0,0,0,0,0,0,0,0,0,0,0,0,0,0,0,0,0,0,three
0,0,0,0,0,0,0,0,0,0,0,0,0,0,0,0,0,0,0,0,0,0,0,0,0,0,0,0,0,0,0,0,0,0,0,0,0,0,0,0,0,0,0,0,0,0,0,0,0,0,0,0,0,0,0,0,0,0,0,0,0,0,0,three
0,0,0,0,0,0,0,0,0,0,0,0,0,0,0,0,0,0,0,0,0,0,0,0,0,0,0,0,0,0,0,0,0,0,0,0,0,0,0,0,0,0,0,0,0,0,0,0,0,0,0,0,0,0,0,0,0,0,0,0,0,0,0,three
0,0,0,0,0,0,0,0,0,0,0,0,0,0,0,0,0,0,0,0,0,0,0,0,0,0,0,0,0,0,0,0,0,0,0,0,0,0,0,0,0,0,0,0,0,0,0,0,0,0,0,0,0,0,0,0,0,0,0,0,0,0,0,three
0,0,0,0,0,0,0,0,0,0,0,0,0,0,0,0,0,0,0,0,0,0,0,0,0,0,0,0,0,0,0,0,0,0,0,0,0,0,0,0,0,0,0,0,0,0,0,0,0,0,0,0,0,0,0,0,0,0,0,0,0,0,0,three
0,0,0,0,0,0,0,0,0,0,0,0,0,0,0,0,0,0,0,0,0,0,0,0,0,0,0,0,0,0,0,0,0,0,0,0,0,0,0,0,0,0,0,0,0,0,0,0,0,0,0,0,0,0,0,0,0,0,0,0,0,0,0,three
0,0,0,0,0,0,0,0,0,0,0,0,0,0,0,0,0,0,0,0,0,0,0,0,0,0,0,0,0,0,0,0,0,0,0,0,0,0,0,0,0,0,0,0,0,0,0,0,0,0,0,0,0,0,0,0,0,0,0,0,0,0,0,three
0,0,0,0,0,0,0,0,0,0,0,0,0,0,0,0,0,0,0,0,0,0,0,0,0,0,0,0,0,0,0,0,0,0,0,0,0,0,0,0,0,0,0,0,0,0,0,0,0,0,0,0,0,0,0,0,0,0,0,0,0,0,0,three
0,0,0,0,0,0,0,0,0,0,0,0,0,0,0,0,0,0,0,0,0,0,0,0,0,0,0,0,0,0,0,0,0,0,0,0,0,0,0,0,0,0,0,0,0,0,0,0,0,0,0,0,0,0,0,0,0,0,0,0,0,0,0,three
0,0,0,0,0,0,0,0,0,0,0,0,0,0,0,0,0,0,0,0,0,0,0,0,0,0,0,0,0,0,0,0,0,0,0,0,0,0,0,0,0,0,0,0,0,0,0,0,0,0,0,0,0,0,0,0,0,0,0,0,0,0,0,three
0,0,0,0,0,0,0,0,0,0,0,0,0,0,0,0,0,0,0,0,0,0,0,0,0,0,0,0,0,0,0,0,0,0,0,0,0,0,0,0,0,0,0,0,0,0,0,0,0,0,0,0,0,0,0,0,0,0,0,0,0,0,0,three
0,0,0,0,0,0,0,0,0,0,0,0,0,0,0,0,0,0,0,0,0,0,0,0,0,0,0,0,0,0,0,0,0,0,0,0,0,0,0,0,0,0,0,0,0,0,0,0,0,0,0,0,0,0,0,0,0,0,0,0,0,0,0,three
0.04615497589111328,0.8938987851142883,-6.69686599508168e-08,0.09797924011945724,0.8932169079780579,-0.004203402902930975,0.1319856345653534,0.8762368559837341,-0.0027630943804979324,0.146128848195076,0.8410065174102783,-0.004280089866369963,0.1445552259683609,0.8077226281166077,-0.006123360246419907,0.11647886782884598,0.8089251518249512,0.017796354368329048,0.13159233331680298,0.7749347686767578,0.008883546106517315,0.13590691983699799,0.7875174880027771,-0.0025959000922739506,0.1337118148803711,0.8077224493026733,-0.009023481048643589,0.0970720499753952,0.7941528558731079,0.015251703560352325,0.11492130160331726,0.7539477348327637,0.004583991598337889,0.11949966847896576,0.7768232226371765,-0.008222893811762333,0.11425590515136719,0.8050952553749084,-0.01474535372108221,0.07409188151359558,0.7815299034118652,0.010282890871167183,0.09372994303703308,0.7415023446083069,-0.0018749036826193333,0.1008852943778038,0.7695773839950562,-0.00913593266159296,0.09630343317985535,0.8002933263778687,-0.010979565791785717,0.04596463963389397,0.7720645070075989,0.004933730699121952,0.06636738032102585,0.742285430431366,-0.004259730223566294,0.07244952768087387,0.7667933702468872,-0.005141819827258587,0.06775927543640137,0.7949149012565613,-0.0034838668070733547,three
0,0,0,0,0,0,0,0,0,0,0,0,0,0,0,0,0,0,0,0,0,0,0,0,0,0,0,0,0,0,0,0,0,0,0,0,0,0,0,0,0,0,0,0,0,0,0,0,0,0,0,0,0,0,0,0,0,0,0,0,0,0,0,three
0.3591897785663605,0.9446074962615967,1.214278427141835e-06,0.4410403072834015,0.9338192939758301,-0.06643220037221909,0.4916640520095825,0.9258344173431396,-0.12759920954704285,0.511347234249115,0.9453870058059692,-0.17890477180480957,0.5245374441146851,0.9570916891098022,-0.23457148671150208,0.4707839787006378,0.7844878435134888,-0.1542501300573349,0.476373553276062,0.6317604780197144,-0.20985393226146698,0.476799875497818,0.5460987687110901,-0.24020859599113464,0.47718536853790283,0.47335752844810486,-0.2604326009750366,0.40130218863487244,0.7619647979736328,-0.1491658240556717,0.4053754210472107,0.6034792065620422,-0.1999932825565338,0.4123396873474121,0.5055016279220581,-0.22786220908164978,0.4192594885826111,0.42470425367355347,-0.24887239933013916,0.3311421275138855,0.7691248059272766,-0.14429323375225067,0.32216644287109375,0.633804202079773,-0.19282415509223938,0.3307301998138428,0.5367785096168518,-0.224447563290596,0.3422338366508484,0.4512612819671631,-0.24646234512329102,0.2654823958873749,0.7896202802658081,-0.14111284911632538,0.2420969009399414,0.7039744257926941,-0.18102574348449707,0.23767617344856262,0.6449709534645081,-0.20075583457946777,0.24323758482933044,0.5912865996360779,-0.21522022783756256,three
0.36983561515808105,0.900416910648346,1.3277809784995043e-06,0.44131654500961304,0.9070066213607788,-0.08447784185409546,0.482791930437088,0.9087260365486145,-0.16324017941951752,0.49202993512153625,0.930250883102417,-0.22832998633384705,0.4829334616661072,0.9477923512458801,-0.3009297549724579,0.4776569902896881,0.7952677607536316,-0.21663235127925873,0.4815598130226135,0.6479734182357788,-0.2918184995651245,0.4803178906440735,0.5573455095291138,-0.33476710319519043,0.47995421290397644,0.47715651988983154,-0.36443403363227844,0.41215306520462036,0.7683891654014587,-0.21038490533828735,0.41738784313201904,0.604601263999939,-0.2833435833454132,0.4256516695022583,0.5037999153137207,-0.325106680393219,0.43190544843673706,0.41411229968070984,-0.35694217681884766,0.34057939052581787,0.7662785053253174,-0.20195791125297546,0.322018563747406,0.6264129281044006,-0.264308363199234,0.3222159445285797,0.5276312828063965,-0.30507054924964905,0.3282950520515442,0.4450227916240692,-0.3352690637111664,0.2720944285392761,0.7769997119903564,-0.19591645896434784,0.24765272438526154,0.6864497065544128,-0.24360743165016174,0.24372048676013947,0.6158639192581177,-0.2711791396141052,0.24973127245903015,0.5516655445098877,-0.29440411925315857,three
0.37439772486686707,0.9466030597686768,1.221549609908834e-06,0.437377005815506,0.9414197206497192,-0.07439392805099487,0.4710425138473511,0.9290635585784912,-0.13996542990207672,0.47571343183517456,0.9371888637542725,-0.19419074058532715,0.4683552086353302,0.9487863779067993,-0.25361207127571106,0.47226542234420776,0.8270121216773987,-0.17587783932685852,0.4797287881374359,0.6736642122268677,-0.2412656545639038,0.48033851385116577,0.5785354971885681,-0.2767801582813263,0.47890499234199524,0.4964139759540558,-0.29929831624031067,0.411676824092865,0.8003395199775696,-0.1690424382686615,0.418745219707489,0.6303050518035889,-0.23169833421707153,0.42709049582481384,0.5228316783905029,-0.264609694480896,0.4345550537109375,0.43235906958580017,-0.28747352957725525,0.345848023891449,0.7932214736938477,-0.16200123727321625,0.33480387926101685,0.6443307399749756,-0.2152458131313324,0.33798742294311523,0.5381575226783752,-0.24727307260036469,0.34551283717155457,0.4469807744026184,-0.2686070501804352,0.2818085253238678,0.7944886684417725,-0.15757055580615997,0.2635074853897095,0.6854771375656128,-0.19726110994815826,0.2612738311290741,0.6049587726593018,-0.21755269169807434,0.2688499391078949,0.533806324005127,-0.2327405959367752,three
0,0,0,0,0,0,0,0,0,0,0,0,0,0,0,0,0,0,0,0,0,0,0,0,0,0,0,0,0,0,0,0,0,0,0,0,0,0,0,0,0,0,0,0,0,0,0,0,0,0,0,0,0,0,0,0,0,0,0,0,0,0,0,three
0,0,0,0,0,0,0,0,0,0,0,0,0,0,0,0,0,0,0,0,0,0,0,0,0,0,0,0,0,0,0,0,0,0,0,0,0,0,0,0,0,0,0,0,0,0,0,0,0,0,0,0,0,0,0,0,0,0,0,0,0,0,0,three
0,0,0,0,0,0,0,0,0,0,0,0,0,0,0,0,0,0,0,0,0,0,0,0,0,0,0,0,0,0,0,0,0,0,0,0,0,0,0,0,0,0,0,0,0,0,0,0,0,0,0,0,0,0,0,0,0,0,0,0,0,0,0,three
0,0,0,0,0,0,0,0,0,0,0,0,0,0,0,0,0,0,0,0,0,0,0,0,0,0,0,0,0,0,0,0,0,0,0,0,0,0,0,0,0,0,0,0,0,0,0,0,0,0,0,0,0,0,0,0,0,0,0,0,0,0,0,three
0,0,0,0,0,0,0,0,0,0,0,0,0,0,0,0,0,0,0,0,0,0,0,0,0,0,0,0,0,0,0,0,0,0,0,0,0,0,0,0,0,0,0,0,0,0,0,0,0,0,0,0,0,0,0,0,0,0,0,0,0,0,0,three
0,0,0,0,0,0,0,0,0,0,0,0,0,0,0,0,0,0,0,0,0,0,0,0,0,0,0,0,0,0,0,0,0,0,0,0,0,0,0,0,0,0,0,0,0,0,0,0,0,0,0,0,0,0,0,0,0,0,0,0,0,0,0,three
0.04284137114882469,0.8937547206878662,-9.423022362398115e-08,0.09349459409713745,0.9003785252571106,-0.00522262416779995,0.1307947188615799,0.8854050040245056,-0.004300400614738464,0.14512866735458374,0.8499382734298706,-0.005697299726307392,0.14288729429244995,0.8164481520652771,-0.006692571099847555,0.11982101202011108,0.814139723777771,0.01706642284989357,0.13676659762859344,0.7892215251922607,0.008669077418744564,0.1380954533815384,0.8049915432929993,-0.0011746123200282454,0.13353395462036133,0.8225790858268738,-0.0067604826763272285,0.10127191245555878,0.7962721586227417,0.015334943309426308,0.11901277303695679,0.76993727684021,0.005479640327394009,0.11840154230594635,0.7962049245834351,-0.005103574134409428,0.11189794540405273,0.8185945749282837,-0.010059055872261524,0.07820339500904083,0.78179931640625,0.011053329333662987,0.09651593118906021,0.7543630599975586,-0.0006613585283048451,0.0986560732126236,0.7845249772071838,-0.004893391393125057,0.09377872198820114,0.8082870841026306,-0.004877794999629259,0.05021987482905388,0.7705878019332886,0.006300917360931635,0.0693911537528038,0.7551736235618591,-0.00204494153149426,0.07245071232318878,0.7813639044761658,-0.0009357149247080088,0.06787566095590591,0.8027482628822327,0.0021389666944742203,three
0,0,0,0,0,0,0,0,0,0,0,0,0,0,0,0,0,0,0,0,0,0,0,0,0,0,0,0,0,0,0,0,0,0,0,0,0,0,0,0,0,0,0,0,0,0,0,0,0,0,0,0,0,0,0,0,0,0,0,0,0,0,0,three
0,0,0,0,0,0,0,0,0,0,0,0,0,0,0,0,0,0,0,0,0,0,0,0,0,0,0,0,0,0,0,0,0,0,0,0,0,0,0,0,0,0,0,0,0,0,0,0,0,0,0,0,0,0,0,0,0,0,0,0,0,0,0,three
0,0,0,0,0,0,0,0,0,0,0,0,0,0,0,0,0,0,0,0,0,0,0,0,0,0,0,0,0,0,0,0,0,0,0,0,0,0,0,0,0,0,0,0,0,0,0,0,0,0,0,0,0,0,0,0,0,0,0,0,0,0,0,three
0,0,0,0,0,0,0,0,0,0,0,0,0,0,0,0,0,0,0,0,0,0,0,0,0,0,0,0,0,0,0,0,0,0,0,0,0,0,0,0,0,0,0,0,0,0,0,0,0,0,0,0,0,0,0,0,0,0,0,0,0,0,0,three
0,0,0,0,0,0,0,0,0,0,0,0,0,0,0,0,0,0,0,0,0,0,0,0,0,0,0,0,0,0,0,0,0,0,0,0,0,0,0,0,0,0,0,0,0,0,0,0,0,0,0,0,0,0,0,0,0,0,0,0,0,0,0,three
0,0,0,0,0,0,0,0,0,0,0,0,0,0,0,0,0,0,0,0,0,0,0,0,0,0,0,0,0,0,0,0,0,0,0,0,0,0,0,0,0,0,0,0,0,0,0,0,0,0,0,0,0,0,0,0,0,0,0,0,0,0,0,three
0,0,0,0,0,0,0,0,0,0,0,0,0,0,0,0,0,0,0,0,0,0,0,0,0,0,0,0,0,0,0,0,0,0,0,0,0,0,0,0,0,0,0,0,0,0,0,0,0,0,0,0,0,0,0,0,0,0,0,0,0,0,0,three
0,0,0,0,0,0,0,0,0,0,0,0,0,0,0,0,0,0,0,0,0,0,0,0,0,0,0,0,0,0,0,0,0,0,0,0,0,0,0,0,0,0,0,0,0,0,0,0,0,0,0,0,0,0,0,0,0,0,0,0,0,0,0,three
0,0,0,0,0,0,0,0,0,0,0,0,0,0,0,0,0,0,0,0,0,0,0,0,0,0,0,0,0,0,0,0,0,0,0,0,0,0,0,0,0,0,0,0,0,0,0,0,0,0,0,0,0,0,0,0,0,0,0,0,0,0,0,three
0,0,0,0,0,0,0,0,0,0,0,0,0,0,0,0,0,0,0,0,0,0,0,0,0,0,0,0,0,0,0,0,0,0,0,0,0,0,0,0,0,0,0,0,0,0,0,0,0,0,0,0,0,0,0,0,0,0,0,0,0,0,0,three
0,0,0,0,0,0,0,0,0,0,0,0,0,0,0,0,0,0,0,0,0,0,0,0,0,0,0,0,0,0,0,0,0,0,0,0,0,0,0,0,0,0,0,0,0,0,0,0,0,0,0,0,0,0,0,0,0,0,0,0,0,0,0,three
0,0,0,0,0,0,0,0,0,0,0,0,0,0,0,0,0,0,0,0,0,0,0,0,0,0,0,0,0,0,0,0,0,0,0,0,0,0,0,0,0,0,0,0,0,0,0,0,0,0,0,0,0,0,0,0,0,0,0,0,0,0,0,three
0,0,0,0,0,0,0,0,0,0,0,0,0,0,0,0,0,0,0,0,0,0,0,0,0,0,0,0,0,0,0,0,0,0,0,0,0,0,0,0,0,0,0,0,0,0,0,0,0,0,0,0,0,0,0,0,0,0,0,0,0,0,0,three
0,0,0,0,0,0,0,0,0,0,0,0,0,0,0,0,0,0,0,0,0,0,0,0,0,0,0,0,0,0,0,0,0,0,0,0,0,0,0,0,0,0,0,0,0,0,0,0,0,0,0,0,0,0,0,0,0,0,0,0,0,0,0,three
0,0,0,0,0,0,0,0,0,0,0,0,0,0,0,0,0,0,0,0,0,0,0,0,0,0,0,0,0,0,0,0,0,0,0,0,0,0,0,0,0,0,0,0,0,0,0,0,0,0,0,0,0,0,0,0,0,0,0,0,0,0,0,three
0,0,0,0,0,0,0,0,0,0,0,0,0,0,0,0,0,0,0,0,0,0,0,0,0,0,0,0,0,0,0,0,0,0,0,0,0,0,0,0,0,0,0,0,0,0,0,0,0,0,0,0,0,0,0,0,0,0,0,0,0,0,0,two
0.3082997500896454,0.9815831184387207,1.5081196806931985e-06,0.2635611891746521,0.9597916007041931,-0.05160418897867203,0.23828133940696716,0.9151531457901001,-0.0942862331867218,0.2697770595550537,0.8788670897483826,-0.13308656215667725,0.3073183298110962,0.8215963840484619,-0.16920997202396393,0.2760191559791565,0.7532757520675659,-0.10165738314390182,0.27083688974380493,0.6150878667831421,-0.15462726354599,0.265394926071167,0.5233693718910217,-0.17911948263645172,0.26501378417015076,0.44280925393104553,-0.1950240582227707,0.33960577845573425,0.7395814061164856,-0.11003237962722778,0.3856797218322754,0.5918461680412292,-0.17497190833091736,0.414352148771286,0.4902082085609436,-0.20832085609436035,0.43373721837997437,0.4042215645313263,-0.22493815422058105,0.3842640817165375,0.7804312705993652,-0.11904505640268326,0.4027132987976074,0.7809094786643982,-0.18921935558319092,0.37532731890678406,0.8667230606079102,-0.19393810629844666,0.3491639792919159,0.9168666005134583,-0.18121270835399628,0.41333046555519104,0.8468149304389954,-0.13085654377937317,0.41363218426704407,0.8658584952354431,-0.18700683116912842,0.3955658972263336,0.9137799739837646,-0.18690115213394165,0.37344858050346375,0.9448281526565552,-0.1749609112739563,two
0.32390737533569336,0.9487007856369019,1.5193289755188744e-06,0.2776119112968445,0.9311643838882446,-0.05682910978794098,0.25204482674598694,0.8978582620620728,-0.10454553365707397,0.2789478898048401,0.864790141582489,-0.14592969417572021,0.32059940695762634,0.8157520294189453,-0.18438135087490082,0.28350889682769775,0.7426943778991699,-0.12074858695268631,0.2782406210899353,0.6063589453697205,-0.17706134915351868,0.2725535035133362,0.5180606842041016,-0.20437198877334595,0.2740827202796936,0.44419360160827637,-0.2224048525094986,0.3462502658367157,0.7238710522651672,-0.12367922812700272,0.3892657458782196,0.5885717868804932,-0.19275027513504028,0.4162832498550415,0.4895398020744324,-0.22835348546504974,0.43572357296943665,0.4158601462841034,-0.24737145006656647,0.38981926441192627,0.7594789862632751,-0.125869020819664,0.41068559885025024,0.7715921998023987,-0.1891322135925293,0.3899468183517456,0.8447701334953308,-0.1918104737997055,0.3673698306083679,0.8904850482940674,-0.1810091882944107,0.41661015152931213,0.8168089389801025,-0.13163043558597565,0.4169822335243225,0.8579810857772827,-0.18228985369205475,0.40278562903404236,0.9042240977287292,-0.1834733933210373,0.38448241353034973,0.936179518699646,-0.17388379573822021,two
0.34047457575798035,0.9354672431945801,1.4618625527873519e-06,0.3043712377548218,0.91986483335495,-0.06840067356824875,0.2756043076515198,0.8898237943649292,-0.12220999598503113,0.2888353765010834,0.857073962688446,-0.1667497307062149,0.31437134742736816,0.8052942156791687,-0.20852161943912506,0.2922745943069458,0.7257136106491089,-0.13484908640384674,0.2800605595111847,0.5917252898216248,-0.19451570510864258,0.2728329300880432,0.5063579082489014,-0.2243436723947525,0.27280664443969727,0.4360547363758087,-0.24238747358322144,0.3574264347553253,0.7188144326210022,-0.13165400922298431,0.38828980922698975,0.5815050005912781,-0.2035529464483261,0.41265660524368286,0.48689597845077515,-0.24261347949504852,0.4308964014053345,0.41827821731567383,-0.2630605399608612,0.4075298011302948,0.7603721618652344,-0.12824228405952454,0.4183880090713501,0.7691586017608643,-0.19533777236938477,0.3962835967540741,0.8204585313796997,-0.20823796093463898,0.3754459023475647,0.8532757759094238,-0.2037840187549591,0.44270962476730347,0.8183720111846924,-0.12836238741874695,0.4413033127784729,0.8418976068496704,-0.1802031248807907,0.4283827543258667,0.8774427175521851,-0.18487270176410675,0.41297292709350586,0.905876100063324,-0.17769700288772583,two
0.3289555013179779,0.9444185495376587,1.4361635294335429e-06,0.2905711233615875,0.9209177494049072,-0.05310448259115219,0.2631538510322571,0.8905942440032959,-0.10247509181499481,0.2869340479373932,0.8662089109420776,-0.1479603499174118,0.3182668387889862,0.8182463645935059,-0.18993398547172546,0.29016244411468506,0.731386661529541,-0.11535345017910004,0.2805190682411194,0.5955602526664734,-0.17316576838493347,0.27239641547203064,0.5147159099578857,-0.19913561642169952,0.2683032155036926,0.4413870573043823,-0.21653936803340912,0.34385183453559875,0.7195711135864258,-0.12522561848163605,0.3882696330547333,0.5811785459518433,-0.20301425457000732,0.41578975319862366,0.4848190248012543,-0.24111224710941315,0.4339744448661804,0.3994103670120239,-0.26013505458831787,0.37998196482658386,0.7638593912124634,-0.13525643944740295,0.3913722336292267,0.7670794725418091,-0.21129825711250305,0.37494972348213196,0.8455368876457214,-0.21796005964279175,0.358010470867157,0.8851938247680664,-0.20660601556301117,0.4026604890823364,0.8288660049438477,-0.14809027314186096,0.3951239585876465,0.853896975517273,-0.20567598938941956,0.37804365158081055,0.8824530243873596,-0.2108495533466339,0.35612818598747253,0.8895560503005981,-0.20379208028316498,two
0,0,0,0,0,0,0,0,0,0,0,0,0,0,0,0,0,0,0,0,0,0,0,0,0,0,0,0,0,0,0,0,0,0,0,0,0,0,0,0,0,0,0,0,0,0,0,0,0,0,0,0,0,0,0,0,0,0,0,0,0,0,0,two
0,0,0,0,0,0,0,0,0,0,0,0,0,0,0,0,0,0,0,0,0,0,0,0,0,0,0,0,0,0,0,0,0,0,0,0,0,0,0,0,0,0,0,0,0,0,0,0,0,0,0,0,0,0,0,0,0,0,0,0,0,0,0,two
0,0,0,0,0,0,0,0,0,0,0,0,0,0,0,0,0,0,0,0,0,0,0,0,0,0,0,0,0,0,0,0,0,0,0,0,0,0,0,0,0,0,0,0,0,0,0,0,0,0,0,0,0,0,0,0,0,0,0,0,0,0,0,two
0.33319854736328125,0.9876139760017395,1.309161348217458e-06,0.2925373315811157,0.9619672298431396,-0.060267336666584015,0.2698447108268738,0.9217583537101746,-0.1098349541425705,0.29173848032951355,0.8826497793197632,-0.15258558094501495,0.31170278787612915,0.8218578100204468,-0.19441942870616913,0.3082088828086853,0.7600243091583252,-0.12103654444217682,0.2945965826511383,0.6138476729393005,-0.17826442420482635,0.2867397665977478,0.5235390067100525,-0.20714282989501953,0.28418248891830444,0.44520968198776245,-0.22481338679790497,0.3661970794200897,0.7557406425476074,-0.12595045566558838,0.40202292799949646,0.5948509573936462,-0.1917438954114914,0.4294945299625397,0.49275341629981995,-0.22804874181747437,0.4492562413215637,0.408705472946167,-0.24743236601352692,0.40612730383872986,0.8008521199226379,-0.13164111971855164,0.4139731824398041,0.7509309649467468,-0.2033793032169342,0.39251360297203064,0.7821439504623413,-0.22666674852371216,0.3755302131175995,0.7996699213981628,-0.2305247187614441,0.43594998121261597,0.8682165145874023,-0.13921423256397247,0.44337594509124756,0.8722895979881287,-0.1983318030834198,0.4299556314945221,0.9071288108825684,-0.2100011259317398,0.41577422618865967,0.9306260943412781,-0.20907194912433624,two
0,0,0,0,0,0,0,0,0,0,0,0,0,0,0,0,0,0,0,0,0,0,0,0,0,0,0,0,0,0,0,0,0,0,0,0,0,0,0,0,0,0,0,0,0,0,0,0,0,0,0,0,0,0,0,0,0,0,0,0,0,0,0,two
0,0,0,0,0,0,0,0,0,0,0,0,0,0,0,0,0,0,0,0,0,0,0,0,0,0,0,0,0,0,0,0,0,0,0,0,0,0,0,0,0,0,0,0,0,0,0,0,0,0,0,0,0,0,0,0,0,0,0,0,0,0,0,two
0,0,0,0,0,0,0,0,0,0,0,0,0,0,0,0,0,0,0,0,0,0,0,0,0,0,0,0,0,0,0,0,0,0,0,0,0,0,0,0,0,0,0,0,0,0,0,0,0,0,0,0,0,0,0,0,0,0,0,0,0,0,0,two
0,0,0,0,0,0,0,0,0,0,0,0,0,0,0,0,0,0,0,0,0,0,0,0,0,0,0,0,0,0,0,0,0,0,0,0,0,0,0,0,0,0,0,0,0,0,0,0,0,0,0,0,0,0,0,0,0,0,0,0,0,0,0,two
0,0,0,0,0,0,0,0,0,0,0,0,0,0,0,0,0,0,0,0,0,0,0,0,0,0,0,0,0,0,0,0,0,0,0,0,0,0,0,0,0,0,0,0,0,0,0,0,0,0,0,0,0,0,0,0,0,0,0,0,0,0,0,two
0,0,0,0,0,0,0,0,0,0,0,0,0,0,0,0,0,0,0,0,0,0,0,0,0,0,0,0,0,0,0,0,0,0,0,0,0,0,0,0,0,0,0,0,0,0,0,0,0,0,0,0,0,0,0,0,0,0,0,0,0,0,0,two
0.3284980356693268,0.978622555732727,1.6088526990643004e-06,0.2792109549045563,0.963714599609375,-0.07616377621889114,0.24603545665740967,0.9362924695014954,-0.14128445088863373,0.2740320861339569,0.9031927585601807,-0.19819821417331696,0.3164254128932953,0.8433218002319336,-0.2487889528274536,0.2934042811393738,0.7605699300765991,-0.14690157771110535,0.2802125811576843,0.6075273752212524,-0.22156749665737152,0.2712807357311249,0.5138825178146362,-0.2603367269039154,0.26829901337623596,0.4296960234642029,-0.2853897213935852,0.36081135272979736,0.7464162111282349,-0.14577586948871613,0.3988032042980194,0.5945477485656738,-0.23940983414649963,0.4270344376564026,0.49043986201286316,-0.2872883975505829,0.4519999027252197,0.40201544761657715,-0.3117552697658539,0.40930259227752686,0.787834644317627,-0.14420880377292633,0.42243820428848267,0.8099917769432068,-0.22138611972332,0.3877260088920593,0.9005914926528931,-0.21152885258197784,0.36002084612846375,0.9505163431167603,-0.18800048530101776,0.44423481822013855,0.8485447764396667,-0.1488933563232422,0.44625434279441833,0.8775736093521118,-0.20083308219909668,0.4267728328704834,0.9375228881835938,-0.1871325671672821,0.4022054374217987,0.9709534049034119,-0.16481105983257294,two
0.3385313153266907,0.9374033212661743,1.2942690545969526e-06,0.29931679368019104,0.9223020076751709,-0.059561483561992645,0.2747074067592621,0.8998099565505981,-0.11247284710407257,0.2908778786659241,0.8792175054550171,-0.1589747816324234,0.30592676997184753,0.8318136930465698,-0.20323726534843445,0.30054008960723877,0.7371686100959778,-0.13171076774597168,0.29042848944664,0.5934638977050781,-0.19339971244335175,0.28253892064094543,0.5071784853935242,-0.22350794076919556,0.2794138789176941,0.43550533056259155,-0.24073520302772522,0.3627378046512604,0.7331772446632385,-0.13637977838516235,0.39551809430122375,0.5812103748321533,-0.21271488070487976,0.4230915606021881,0.48426520824432373,-0.2510141134262085,0.444074422121048,0.4084917902946472,-0.26913318037986755,0.4106893539428711,0.7777523994445801,-0.14028586447238922,0.42382311820983887,0.7796308994293213,-0.2189573496580124,0.40060192346572876,0.8437432646751404,-0.23497775197029114,0.3782709538936615,0.889024019241333,-0.2290831059217453,0.4467262327671051,0.8394300937652588,-0.1461801677942276,0.4540984332561493,0.8761491775512695,-0.20799288153648376,0.4379425644874573,0.9220823645591736,-0.2150537371635437,0.4184761643409729,0.9521243572235107,-0.20733191072940826,two
0.32891201972961426,0.9119668006896973,1.511791197117418e-06,0.2798481583595276,0.9080445766448975,-0.08860406279563904,0.25101402401924133,0.8896783590316772,-0.1576281189918518,0.28214412927627563,0.8782212138175964,-0.21604888141155243,0.31829652190208435,0.8453236222267151,-0.27069708704948425,0.28424108028411865,0.7171899676322937,-0.1673319786787033,0.28117474913597107,0.5752390623092651,-0.24079348146915436,0.27464187145233154,0.4926692247390747,-0.27680662274360657,0.2725340723991394,0.4190576672554016,-0.30021896958351135,0.3499096632003784,0.7141903638839722,-0.16391924023628235,0.38689589500427246,0.5805715322494507,-0.26359331607818604,0.41242849826812744,0.4841569662094116,-0.3153982162475586,0.4344888925552368,0.40272343158721924,-0.34356892108917236,0.4015869200229645,0.7594619989395142,-0.1615358144044876,0.43101343512535095,0.7744132876396179,-0.2599238455295563,0.41520896553993225,0.8515059351921082,-0.28186067938804626,0.3991192579269409,0.9002214074134827,-0.2785167098045349,0.4421660602092743,0.8204548954963684,-0.16351938247680664,0.46802639961242676,0.8577153086662292,-0.24064737558364868,0.46465224027633667,0.9088318347930908,-0.2568129897117615,0.4516373872756958,0.9396251440048218,-0.2556701898574829,two
0.2894148826599121,0.9527530074119568,1.4956369795982027e-06,0.24012979865074158,0.9284520149230957,-0.06612109392881393,0.21823926270008087,0.8935368061065674,-0.12631134688854218,0.26039594411849976,0.8926467895507812,-0.18008947372436523,0.30151405930519104,0.8708710670471191,-0.22960016131401062,0.26673898100852966,0.7377099990844727,-0.14604517817497253,0.25882089138031006,0.5859584808349609,-0.21695634722709656,0.25200605392456055,0.48943233489990234,-0.25175073742866516,0.24546822905540466,0.4029653072357178,-0.27429643273353577,0.3371046483516693,0.732459545135498,-0.15258851647377014,0.3862837553024292,0.5708208680152893,-0.248601496219635,0.41996467113494873,0.46803969144821167,-0.29395803809165955,0.44469061493873596,0.37449321150779724,-0.31550195813179016,0.38792678713798523,0.7842382192611694,-0.15755771100521088,0.4178066551685333,0.8030181527137756,-0.24305984377861023,0.3751804530620575,0.8917911052703857,-0.2394215315580368,0.3323311507701874,0.9367841482162476,-0.2176552265882492,0.42613542079925537,0.8526583313941956,-0.16665852069854736,0.4436233937740326,0.8916264176368713,-0.22287194430828094,0.41361770033836365,0.9439029693603516,-0.21210834383964539,0.371772825717926,0.9608293771743774,-0.19204439222812653,two
0.2659565806388855,0.9449930787086487,1.448370767320739e-06,0.2215510904788971,0.9261537790298462,-0.08056938648223877,0.2040138691663742,0.8762698173522949,-0.1449323296546936,0.2559075355529785,0.8369705080986023,-0.20119015872478485,0.30681222677230835,0.7762002348899841,-0.25207236409187317,0.26731398701667786,0.6831333637237549,-0.14431585371494293,0.2641296088695526,0.5256284475326538,-0.21649153530597687,0.25460922718048096,0.4300881028175354,-0.2526126205921173,0.25042176246643066,0.34566235542297363,-0.27503761649131775,0.3439256548881531,0.6859586238861084,-0.1471291482448578,0.39200326800346375,0.5209439396858215,-0.23306576907634735,0.4194035530090332,0.4089568257331848,-0.2739395499229431,0.4413503408432007,0.3214741051197052,-0.2923336923122406,0.3975566029548645,0.7444802522659302,-0.15241436660289764,0.4162505567073822,0.7534357905387878,-0.242448091506958,0.36242419481277466,0.8499822020530701,-0.24460157752037048,0.32076457142829895,0.9160774350166321,-0.22419318556785583,0.43078869581222534,0.8237135410308838,-0.16319136321544647,0.4335368871688843,0.8461987972259521,-0.23340557515621185,0.393669992685318,0.9030458927154541,-0.2310548722743988,0.3555106222629547,0.9418591856956482,-0.2129882425069809,two
0.2698858082294464,0.9830900430679321,1.1702001074809232e-06,0.21734817326068878,0.9679461717605591,-0.0747603178024292,0.18063223361968994,0.8791627883911133,-0.13106465339660645,0.23094990849494934,0.8054471015930176,-0.18241427838802338,0.2870325446128845,0.7289639711380005,-0.229066863656044,0.24830777943134308,0.6703624725341797,-0.10895591974258423,0.24820074439048767,0.5094653964042664,-0.17787235975265503,0.23570112884044647,0.4184095859527588,-0.21550141274929047,0.23536300659179688,0.33425372838974,-0.2385116070508957,0.33157873153686523,0.6826073527336121,-0.1170780211687088,0.3670406937599182,0.49682846665382385,-0.19341883063316345,0.385329008102417,0.3847055435180664,-0.2307720184326172,0.4111071825027466,0.2799626290798187,-0.24572554230690002,0.3979690670967102,0.7495654821395874,-0.1300184726715088,0.37182945013046265,0.7014433145523071,-0.22587141394615173,0.30317649245262146,0.8372816443443298,-0.2214399129152298,0.2715308666229248,0.9282659292221069,-0.19217833876609802,0.4433310031890869,0.8419679403305054,-0.1481059491634369,0.3906341791152954,0.8337856531143188,-0.22356174886226654,0.33429694175720215,0.9147142171859741,-0.21350286900997162,0.3069717288017273,0.9685496091842651,-0.18707874417304993,two
0.2703089118003845,1.0063354969024658,1.0986628922182717e-06,0.21189701557159424,0.9866167902946472,-0.0724186822772026,0.1706470102071762,0.8804627060890198,-0.1247851625084877,0.2164391428232193,0.7937272787094116,-0.17365100979804993,0.27715474367141724,0.7158181071281433,-0.21851187944412231,0.24312081933021545,0.6700395941734314,-0.09227882325649261,0.23531334102153778,0.5050314664840698,-0.154538094997406,0.2242773324251175,0.4099966287612915,-0.1879948377609253,0.2250038981437683,0.3248482644557953,-0.2080177217721939,0.32538318634033203,0.6818616986274719,-0.10040725022554398,0.3536452651023865,0.4885149598121643,-0.1682034283876419,0.3694207966327667,0.3725907504558563,-0.20120945572853088,0.39158692955970764,0.26862138509750366,-0.21254487335681915,0.3930216133594513,0.7475752830505371,-0.11474281549453735,0.35761767625808716,0.678034782409668,-0.20964951813220978,0.29316407442092896,0.8103819489479065,-0.212088942527771,0.2653244733810425,0.9034242630004883,-0.18610945343971252,0.4412687420845032,0.840173065662384,-0.133501335978508,0.3813440203666687,0.8097683191299438,-0.21002867817878723,0.3228762745857239,0.8926178812980652,-0.20472267270088196,0.29599013924598694,0.956985592842102,-0.18112899363040924,two
0,0,0,0,0,0,0,0,0,0,0,0,0,0,0,0,0,0,0,0,0,0,0,0,0,0,0,0,0,0,0,0,0,0,0,0,0,0,0,0,0,0,0,0,0,0,0,0,0,0,0,0,0,0,0,0,0,0,0,0,0,0,0,two
0,0,0,0,0,0,0,0,0,0,0,0,0,0,0,0,0,0,0,0,0,0,0,0,0,0,0,0,0,0,0,0,0,0,0,0,0,0,0,0,0,0,0,0,0,0,0,0,0,0,0,0,0,0,0,0,0,0,0,0,0,0,0,two
0.26413121819496155,1.0185588598251343,9.331271826340526e-07,0.20254802703857422,0.9946342706680298,-0.062072183936834335,0.16368891298770905,0.8759552836418152,-0.1051662489771843,0.213718444108963,0.7849206328392029,-0.14684513211250305,0.27321046590805054,0.7087802290916443,-0.18525958061218262,0.2432366907596588,0.6738384962081909,-0.07474957406520844,0.23336319625377655,0.5087051391601562,-0.13120420277118683,0.2237907350063324,0.4114105999469757,-0.16252118349075317,0.22333180904388428,0.32542821764945984,-0.18174627423286438,0.3230873942375183,0.6887658834457397,-0.0861838087439537,0.35100024938583374,0.4908648729324341,-0.1478881686925888,0.3645395338535309,0.3706449866294861,-0.18028895556926727,0.38064873218536377,0.26539841294288635,-0.1924320012331009,0.3882567286491394,0.7538049221038818,-0.10351290553808212,0.3555925488471985,0.6741094589233398,-0.1926770955324173,0.29370859265327454,0.7984017133712769,-0.19568315148353577,0.2643548846244812,0.8889920711517334,-0.17150133848190308,0.4365185797214508,0.8466646075248718,-0.1245906800031662,0.3826387822628021,0.7976479530334473,-0.1965397447347641,0.32285618782043457,0.8781223297119141,-0.19002220034599304,0.29076918959617615,0.9448928236961365,-0.166884645819664,two
0.2659723162651062,1.006646990776062,1.0729238510975847e-06,0.20746764540672302,0.9837840795516968,-0.07136284559965134,0.16955997049808502,0.8825240731239319,-0.12137550860643387,0.21611866354942322,0.7973945736885071,-0.167539581656456,0.2727552652359009,0.7225927114486694,-0.20971961319446564,0.24252289533615112,0.6649267673492432,-0.0905427634716034,0.2351757287979126,0.5016440749168396,-0.14974398910999298,0.22533506155014038,0.4095516502857208,-0.18235284090042114,0.22539979219436646,0.32644185423851013,-0.20179423689842224,0.32286590337753296,0.6773754954338074,-0.09730160236358643,0.3514469563961029,0.4905529022216797,-0.16132040321826935,0.36965394020080566,0.3739624321460724,-0.19390325248241425,0.3928203582763672,0.2701524794101715,-0.20634347200393677,0.38745439052581787,0.7428155541419983,-0.11002281308174133,0.35826197266578674,0.6820101737976074,-0.19923681020736694,0.2940506339073181,0.8090200424194336,-0.20409122109413147,0.2640969157218933,0.8994600772857666,-0.18181782960891724,0.4320306181907654,0.8363216519355774,-0.1272907704114914,0.3759923577308655,0.8167557716369629,-0.19989284873008728,0.3165731132030487,0.8959121704101562,-0.196958988904953,0.28621864318847656,0.9572744369506836,-0.17644476890563965,two
0.25407323241233826,0.9884824752807617,1.1564961823751219e-06,0.2034263014793396,0.9708836078643799,-0.07151329517364502,0.16693706810474396,0.8775243163108826,-0.12411164492368698,0.21601438522338867,0.802346408367157,-0.1730286180973053,0.27237245440483093,0.7263579964637756,-0.21746404469013214,0.23726844787597656,0.6665360331535339,-0.09736445546150208,0.23571130633354187,0.5033629536628723,-0.16082200407981873,0.2250714749097824,0.4113714396953583,-0.19470730423927307,0.2251541167497635,0.328083336353302,-0.21518923342227936,0.3186552822589874,0.6792288422584534,-0.10693887621164322,0.34938985109329224,0.4925122857093811,-0.17699290812015533,0.3656308948993683,0.378023236989975,-0.21080461144447327,0.3897719979286194,0.27222466468811035,-0.22380076348781586,0.3843759000301361,0.7477701902389526,-0.12216132879257202,0.3548624515533447,0.6908779740333557,-0.2144859880208969,0.2901211082935333,0.8256593346595764,-0.21219570934772491,0.26385191082954407,0.915858805179596,-0.18462331593036652,0.4288489520549774,0.8442525267601013,-0.1422753930091858,0.37364763021469116,0.8283600211143494,-0.2146371454000473,0.3181424140930176,0.9051804542541504,-0.2059565931558609,0.2944861352443695,0.957947850227356,-0.18135018646717072,two
0.24925750494003296,0.9739363789558411,1.3095826716380543e-06,0.2027512788772583,0.9615249633789062,-0.07614583522081375,0.1682385802268982,0.8827664852142334,-0.13467715680599213,0.21337294578552246,0.8155627250671387,-0.18799389898777008,0.2665804922580719,0.7402331233024597,-0.23685358464717865,0.23595315217971802,0.6764479875564575,-0.11681994050741196,0.23255667090415955,0.5134586095809937,-0.18243832886219025,0.22138038277626038,0.42201685905456543,-0.2171073853969574,0.22037166357040405,0.33683741092681885,-0.238822802901268,0.31724411249160767,0.6839636564254761,-0.12424198538064957,0.3505076467990875,0.502752423286438,-0.19858954846858978,0.3691226541996002,0.38843151926994324,-0.23399053514003754,0.38823044300079346,0.28987523913383484,-0.24825546145439148,0.38269972801208496,0.7458348274230957,-0.1359441727399826,0.34910300374031067,0.71583092212677,-0.2269672453403473,0.28987574577331543,0.8522564172744751,-0.22294588387012482,0.2607664465904236,0.945151686668396,-0.19547313451766968,0.42510366439819336,0.833660364151001,-0.15321366488933563,0.36853063106536865,0.8406997919082642,-0.22410151362419128,0.31623199582099915,0.9184305667877197,-0.2148064225912094,0.28654754161834717,0.9740741848945618,-0.1904774010181427,two
0.24280232191085815,0.9483352899551392,1.4926926041880506e-06,0.19636741280555725,0.9381951093673706,-0.0849999487400055,0.16669981181621552,0.8730840682983398,-0.15286655724048615,0.21455463767051697,0.8159368634223938,-0.21193444728851318,0.2660514712333679,0.7490728497505188,-0.2659704089164734,0.23217575252056122,0.6731613278388977,-0.15387777984142303,0.23421184718608856,0.5092332363128662,-0.23075838387012482,0.22282084822654724,0.41687875986099243,-0.27285367250442505,0.21928879618644714,0.32887786626815796,-0.3013208508491516,0.3117988109588623,0.6783282160758972,-0.15837055444717407,0.34850946068763733,0.5100795030593872,-0.25252842903137207,0.37223032116889954,0.4020589590072632,-0.2989673912525177,0.39682790637016296,0.31009641289711,-0.32109713554382324,0.3754902482032776,0.7388783693313599,-0.16415077447891235,0.35640189051628113,0.7436896562576294,-0.2588597536087036,0.2920968532562256,0.8777286410331726,-0.24941349029541016,0.25226444005966187,0.96548992395401,-0.22101473808288574,0.41697680950164795,0.8221214413642883,-0.17685630917549133,0.37534305453300476,0.8557897210121155,-0.2512962818145752,0.32321587204933167,0.9343751072883606,-0.2407086044549942,0.2861620783805847,0.9844549894332886,-0.21584829688072205,two
0.24705049395561218,0.9618346095085144,1.505271029600408e-06,0.20089974999427795,0.955897331237793,-0.08645644038915634,0.1649036407470703,0.8872084021568298,-0.15360628068447113,0.2109990417957306,0.8230233192443848,-0.21171081066131592,0.26127442717552185,0.7429772615432739,-0.2650585174560547,0.23226118087768555,0.6766959428787231,-0.15039250254631042,0.22880709171295166,0.512459933757782,-0.2265288382768631,0.21657119691371918,0.42143917083740234,-0.2689107358455658,0.21220692992210388,0.3325856924057007,-0.29761868715286255,0.31157374382019043,0.6816092133522034,-0.1535930633544922,0.3450579047203064,0.5029635429382324,-0.24326089024543762,0.368172287940979,0.391387939453125,-0.2880408763885498,0.3921331763267517,0.2956196963787079,-0.31005626916885376,0.3756648302078247,0.7433748245239258,-0.15892784297466278,0.35221412777900696,0.7314776182174683,-0.2520582973957062,0.2897213101387024,0.8653461933135986,-0.24389922618865967,0.2539687156677246,0.9518071413040161,-0.21675705909729004,0.41534191370010376,0.8302710652351379,-0.17122109234333038,0.36845630407333374,0.8508296012878418,-0.2457737773656845,0.31640756130218506,0.9268600940704346,-0.2370707392692566,0.2811746895313263,0.9785448312759399,-0.21416808664798737,two
0.25797292590141296,0.9727845191955566,1.2698807267952361e-06,0.21008947491645813,0.955265998840332,-0.06920948624610901,0.17860493063926697,0.8702630996704102,-0.12527872622013092,0.22054636478424072,0.8025020360946655,-0.17722029983997345,0.2688603401184082,0.7302831411361694,-0.22583012282848358,0.24590985476970673,0.6746557950973511,-0.11417879909276962,0.2391333281993866,0.5154626965522766,-0.1819135546684265,0.22778423130512238,0.42114946246147156,-0.21977531909942627,0.22694306075572968,0.3346427083015442,-0.2443932294845581,0.3226216733455658,0.687045156955719,-0.12534606456756592,0.3488273322582245,0.5013219714164734,-0.20078973472118378,0.3686429560184479,0.3859217166900635,-0.23892493546009064,0.394146591424942,0.282791405916214,-0.25641196966171265,0.3830472230911255,0.7520065903663635,-0.1398426741361618,0.36548519134521484,0.6957626342773438,-0.2301550805568695,0.30379635095596313,0.8271074891090393,-0.22465378046035767,0.2700088322162628,0.920464038848877,-0.19779828190803528,0.42415547370910645,0.8414191007614136,-0.15929578244686127,0.3773961067199707,0.8298842906951904,-0.23344013094902039,0.32166504859924316,0.9061213731765747,-0.22483275830745697,0.2866682708263397,0.9644294381141663,-0.2009817510843277,two
0.2784600853919983,0.9744919538497925,1.1624459830272826e-06,0.23211368918418884,0.9632463455200195,-0.06805767863988876,0.1988472044467926,0.8759337663650513,-0.12136439234018326,0.24612650275230408,0.8033692240715027,-0.17056554555892944,0.29288142919540405,0.7268469333648682,-0.21568191051483154,0.2638961970806122,0.6711000204086304,-0.10740061849355698,0.26053479313850403,0.5041027069091797,-0.17323054373264313,0.24892963469028473,0.4099118709564209,-0.2095135897397995,0.249061718583107,0.323760449886322,-0.23237383365631104,0.34178686141967773,0.6843706369400024,-0.11774007230997086,0.3672032952308655,0.4876336455345154,-0.19085077941417694,0.3850148022174835,0.37341374158859253,-0.22755318880081177,0.41351252794265747,0.2711057662963867,-0.24333210289478302,0.40466758608818054,0.7498438358306885,-0.13161662220954895,0.37876421213150024,0.6954525709152222,-0.22169536352157593,0.3098725378513336,0.8269680142402649,-0.21629557013511658,0.27890944480895996,0.9173725843429565,-0.18853846192359924,0.44944119453430176,0.8405249714851379,-0.15021458268165588,0.39190834760665894,0.8302402496337891,-0.22216945886611938,0.33636608719825745,0.908263087272644,-0.21177144348621368,0.30952948331832886,0.9623950719833374,-0.18629315495491028,two
0.2846553325653076,0.9779108762741089,1.1987639254584792e-06,0.23230810463428497,0.9568538665771484,-0.07124177366495132,0.20022787153720856,0.8679190874099731,-0.12705272436141968,0.24439646303653717,0.7993167638778687,-0.17817136645317078,0.29120171070098877,0.7186721563339233,-0.2251322716474533,0.26249951124191284,0.6670293807983398,-0.11162517964839935,0.25730568170547485,0.5033765435218811,-0.17947037518024445,0.24748986959457397,0.4070148766040802,-0.2175830900669098,0.24981074035167694,0.3194148540496826,-0.24156862497329712,0.341221421957016,0.6835198402404785,-0.12080395221710205,0.36839646100997925,0.4937708377838135,-0.19580665230751038,0.3868137001991272,0.3757033348083496,-0.23507758975028992,0.4147028923034668,0.2707808315753937,-0.25272366404533386,0.40350329875946045,0.7512156963348389,-0.13361598551273346,0.3763270080089569,0.6957765817642212,-0.22379131615161896,0.3103129267692566,0.8199078440666199,-0.22021372616291046,0.2799721658229828,0.9071682691574097,-0.19397102296352386,0.44530463218688965,0.8428349494934082,-0.15137767791748047,0.38587626814842224,0.8256586194038391,-0.22293385863304138,0.33021023869514465,0.898938775062561,-0.21349555253982544,0.3021780252456665,0.953162431716919,-0.1889660805463791,two
0,0,0,0,0,0,0,0,0,0,0,0,0,0,0,0,0,0,0,0,0,0,0,0,0,0,0,0,0,0,0,0,0,0,0,0,0,0,0,0,0,0,0,0,0,0,0,0,0,0,0,0,0,0,0,0,0,0,0,0,0,0,0,two
0.29121601581573486,1.020678997039795,8.738244332562317e-07,0.23041458427906036,0.9908705949783325,-0.0579737089574337,0.19673031568527222,0.8695690631866455,-0.09641395509243011,0.25047266483306885,0.7819766402244568,-0.13435281813144684,0.3082526922225952,0.7046948075294495,-0.16940781474113464,0.2762652039527893,0.6677833199501038,-0.06262149661779404,0.2646610140800476,0.5050424933433533,-0.11396019905805588,0.2572389245033264,0.40565067529678345,-0.14264966547489166,0.25836122035980225,0.3189544677734375,-0.16015008091926575,0.35450947284698486,0.6826362609863281,-0.07446417957544327,0.38275501132011414,0.48487117886543274,-0.1297851949930191,0.39735767245292664,0.36622321605682373,-0.15876741707324982,0.41475802659988403,0.2648734748363495,-0.16878172755241394,0.4173029661178589,0.7481396794319153,-0.09251880645751953,0.3809735178947449,0.667235255241394,-0.17770017683506012,0.31787368655204773,0.7890843749046326,-0.1816858947277069,0.2909226417541504,0.8785110712051392,-0.15831634402275085,0.4632667303085327,0.8429223299026489,-0.11396291106939316,0.4076562225818634,0.7893338799476624,-0.1823340803384781,0.3461192846298218,0.8684678673744202,-0.1759367138147354,0.3161535859107971,0.9359272718429565,-0.1533069908618927,two
0.2892923355102539,1.0139684677124023,1.0329440556233749e-06,0.22947841882705688,0.9873290061950684,-0.06568386405706406,0.1953694224357605,0.8723182082176208,-0.11309464275836945,0.25083065032958984,0.7865280508995056,-0.15833143889904022,0.31103771924972534,0.7047657370567322,-0.19927801191806793,0.27545541524887085,0.6718498468399048,-0.08202854543924332,0.2691989839076996,0.5053859949111938,-0.14044110476970673,0.2605368494987488,0.40541717410087585,-0.17208781838417053,0.26258063316345215,0.31800609827041626,-0.1922629177570343,0.35740649700164795,0.6862661838531494,-0.09287067502737045,0.3867820203304291,0.4907080829143524,-0.15901026129722595,0.4017331600189209,0.3717982769012451,-0.19244687259197235,0.42329367995262146,0.26728615164756775,-0.2051330804824829,0.4222636818885803,0.7527454495429993,-0.10956554114818573,0.38636091351509094,0.6722644567489624,-0.20065826177597046,0.3173931837081909,0.7974379062652588,-0.20123381912708282,0.2877481281757355,0.8867430090904236,-0.17589175701141357,0.4707065224647522,0.8461000323295593,-0.1306697130203247,0.4112640619277954,0.8030112981796265,-0.2051331102848053,0.34866344928741455,0.8806874752044678,-0.2001800537109375,0.3198346495628357,0.9410934448242188,-0.1780904233455658,two
0.2998877763748169,0.9356591701507568,1.3411440704658162e-06,0.2541687488555908,0.9246102571487427,-0.07941697537899017,0.22147437930107117,0.8565866947174072,-0.1438601016998291,0.26876598596572876,0.7912402153015137,-0.20057791471481323,0.3205185532569885,0.7178235650062561,-0.2527536451816559,0.2885167598724365,0.6539168953895569,-0.1393885314464569,0.283212274312973,0.4977995753288269,-0.2112565040588379,0.26728469133377075,0.40724509954452515,-0.2515329122543335,0.2613946199417114,0.3225911855697632,-0.2785492241382599,0.3629394769668579,0.6585735082626343,-0.1445973813533783,0.39361512660980225,0.48312705755233765,-0.22568649053573608,0.4134000539779663,0.3728242814540863,-0.26484161615371704,0.4370388388633728,0.279195100069046,-0.28323084115982056,0.42410653829574585,0.7216365933418274,-0.15222549438476562,0.4066927433013916,0.7020344734191895,-0.24042783677577972,0.3393948972225189,0.8210086226463318,-0.23589354753494263,0.30112653970718384,0.9045650362968445,-0.21204175055027008,0.4657076597213745,0.8095139861106873,-0.16574089229106903,0.4216321110725403,0.8234983086585999,-0.23751278221607208,0.36419615149497986,0.8917258977890015,-0.23089191317558289,0.3271191120147705,0.9400216937065125,-0.20985139906406403,two
0.30963701009750366,0.985664963722229,1.1125772516606958e-06,0.25302863121032715,0.9642235040664673,-0.06703867763280869,0.21607181429862976,0.8646904230117798,-0.1164097711443901,0.2669465243816376,0.7845582962036133,-0.1630348116159439,0.3246029019355774,0.7084969282150269,-0.20502127707004547,0.28610748052597046,0.6596679091453552,-0.08914323896169662,0.2816355228424072,0.49693018198013306,-0.1496165543794632,0.2713700532913208,0.4051118791103363,-0.18201716244220734,0.2710523009300232,0.3212854862213135,-0.2018856704235077,0.36563318967819214,0.6695628762245178,-0.09970124810934067,0.3947417140007019,0.4862257242202759,-0.16828161478042603,0.41572800278663635,0.37102484703063965,-0.2011130452156067,0.44191285967826843,0.26610642671585083,-0.21317976713180542,0.4302126467227936,0.7338219881057739,-0.11603640764951706,0.39847806096076965,0.6772657036781311,-0.20826222002506256,0.3363229036331177,0.8087189197540283,-0.20890110731124878,0.3089388608932495,0.897479772567749,-0.18321619927883148,0.47554638981819153,0.8256570100784302,-0.13680920004844666,0.42194923758506775,0.8077516555786133,-0.209333136677742,0.36319994926452637,0.884009838104248,-0.20333631336688995,0.3327759802341461,0.9380720853805542,-0.1809156835079193,two
0.4127559959888458,0.9642069935798645,1.1083758408858557e-06,0.3834635615348816,0.9587006568908691,-0.07092558592557907,0.3524931073188782,0.9336820840835571,-0.12384450435638428,0.3562842607498169,0.8995635509490967,-0.16561460494995117,0.3812541663646698,0.8410687446594238,-0.20954261720180511,0.33104559779167175,0.7780484557151794,-0.12872251868247986,0.30899348855018616,0.651383101940155,-0.18314389884471893,0.29948127269744873,0.564647376537323,-0.21836301684379578,0.2991030812263489,0.48773279786109924,-0.24332953989505768,0.39300188422203064,0.7580127716064453,-0.12234944105148315,0.4135496914386749,0.6163673996925354,-0.17126959562301636,0.4321413040161133,0.5199649333953857,-0.2064814567565918,0.44681841135025024,0.42755982279777527,-0.23121702671051025,0.44456905126571655,0.7828714847564697,-0.11738529801368713,0.4603322744369507,0.6747488379478455,-0.16589675843715668,0.46992266178131104,0.6011196970939636,-0.19707268476486206,0.47753363847732544,0.5337590575218201,-0.21844391524791718,0.48673707246780396,0.829714298248291,-0.11546789854764938,0.49354076385498047,0.8048820495605469,-0.1642875373363495,0.48741596937179565,0.8099088668823242,-0.18224821984767914,0.48156771063804626,0.8161211609840393,-0.19194717705249786,two
0.38710275292396545,0.922332763671875,1.4974318673921516e-06,0.34013405442237854,0.9101982712745667,-0.07562680542469025,0.2997618317604065,0.8818630576133728,-0.13936419785022736,0.3154224455356598,0.853767454624176,-0.19561006128787994,0.3479175269603729,0.8035581111907959,-0.24828144907951355,0.3149136006832123,0.733303427696228,-0.15111404657363892,0.2958095967769623,0.5882392525672913,-0.2279331535100937,0.28449833393096924,0.5011072158813477,-0.2685052156448364,0.28174087405204773,0.4234009385108948,-0.2936193645000458,0.38318660855293274,0.7231481075286865,-0.15242305397987366,0.4025232791900635,0.5702775716781616,-0.24348226189613342,0.420906662940979,0.4671713411808014,-0.28670716285705566,0.43912193179130554,0.381560742855072,-0.30790048837661743,0.4411454498767853,0.7634159922599792,-0.154454305768013,0.45891258120536804,0.7645752429962158,-0.24049191176891327,0.42775484919548035,0.8684292435646057,-0.235188290476799,0.4036824107170105,0.9362495541572571,-0.21201975643634796,0.4866564869880676,0.8200909495353699,-0.16154000163078308,0.485466331243515,0.8421812653541565,-0.2255830019712448,0.46598511934280396,0.9076522588729858,-0.217476487159729,0.4468967318534851,0.9489037990570068,-0.19739484786987305,two
0.33177459239959717,0.9603419303894043,1.4411712072615046e-06,0.3052183985710144,0.9313277006149292,-0.05297057703137398,0.2865082621574402,0.8997565507888794,-0.10779111832380295,0.31065648794174194,0.8703180551528931,-0.15902644395828247,0.34504470229148865,0.8228158950805664,-0.20553822815418243,0.3035069704055786,0.7551999092102051,-0.1287357658147812,0.2854819893836975,0.6082885265350342,-0.19454126060009003,0.2727327048778534,0.5183205604553223,-0.2268948256969452,0.263846218585968,0.4411553144454956,-0.24852481484413147,0.35772907733917236,0.74290931224823,-0.1389797180891037,0.39459171891212463,0.5952597260475159,-0.22760455310344696,0.4183553159236908,0.48663508892059326,-0.27330052852630615,0.4356400966644287,0.4017045199871063,-0.2976493239402771,0.3988490700721741,0.7838612794876099,-0.1471075713634491,0.43221038579940796,0.7810388803482056,-0.2220834344625473,0.4178658425807953,0.8602181673049927,-0.2159629762172699,0.397391140460968,0.9129781723022461,-0.1965671181678772,0.43381786346435547,0.8408223986625671,-0.1590021699666977,0.45430755615234375,0.8587538003921509,-0.2102031707763672,0.44159722328186035,0.906234085559845,-0.20131486654281616,0.41587573289871216,0.9366101026535034,-0.18420951068401337,two
0,0,0,0,0,0,0,0,0,0,0,0,0,0,0,0,0,0,0,0,0,0,0,0,0,0,0,0,0,0,0,0,0,0,0,0,0,0,0,0,0,0,0,0,0,0,0,0,0,0,0,0,0,0,0,0,0,0,0,0,0,0,0,two
0,0,0,0,0,0,0,0,0,0,0,0,0,0,0,0,0,0,0,0,0,0,0,0,0,0,0,0,0,0,0,0,0,0,0,0,0,0,0,0,0,0,0,0,0,0,0,0,0,0,0,0,0,0,0,0,0,0,0,0,0,0,0,two
0,0,0,0,0,0,0,0,0,0,0,0,0,0,0,0,0,0,0,0,0,0,0,0,0,0,0,0,0,0,0,0,0,0,0,0,0,0,0,0,0,0,0,0,0,0,0,0,0,0,0,0,0,0,0,0,0,0,0,0,0,0,0,two
0.3742544949054718,0.972321629524231,1.4056416830499074e-06,0.33405834436416626,0.9560831189155579,-0.0553574375808239,0.2946721911430359,0.9289543628692627,-0.1087215393781662,0.3045484125614166,0.8975788354873657,-0.15687969326972961,0.33513471484184265,0.8430110216140747,-0.20081652700901031,0.3101767599582672,0.7632651329040527,-0.12763400375843048,0.2972891330718994,0.6187037229537964,-0.18956072628498077,0.2871496379375458,0.5317845940589905,-0.218773752450943,0.2831542491912842,0.4541136920452118,-0.237599179148674,0.3618921637535095,0.7471981644630432,-0.13591906428337097,0.38681527972221375,0.5983879566192627,-0.21469710767269135,0.41214001178741455,0.4978010952472687,-0.25254303216934204,0.43337348103523254,0.4132736623287201,-0.27156293392181396,0.406045138835907,0.7879270911216736,-0.1427489072084427,0.4114430248737335,0.8079454898834229,-0.2147301584482193,0.3859919309616089,0.8872507810592651,-0.21478787064552307,0.362945020198822,0.9369310736656189,-0.2003464251756668,0.44259965419769287,0.8502401113510132,-0.15291738510131836,0.4410996735095978,0.8875869512557983,-0.20460684597492218,0.424060195684433,0.9355760812759399,-0.1997029185295105,0.40061724185943604,0.9645289182662964,-0.1856001615524292,two
0,0,0,0,0,0,0,0,0,0,0,0,0,0,0,0,0,0,0,0,0,0,0,0,0,0,0,0,0,0,0,0,0,0,0,0,0,0,0,0,0,0,0,0,0,0,0,0,0,0,0,0,0,0,0,0,0,0,0,0,0,0,0,two
0,0,0,0,0,0,0,0,0,0,0,0,0,0,0,0,0,0,0,0,0,0,0,0,0,0,0,0,0,0,0,0,0,0,0,0,0,0,0,0,0,0,0,0,0,0,0,0,0,0,0,0,0,0,0,0,0,0,0,0,0,0,0,two
0,0,0,0,0,0,0,0,0,0,0,0,0,0,0,0,0,0,0,0,0,0,0,0,0,0,0,0,0,0,0,0,0,0,0,0,0,0,0,0,0,0,0,0,0,0,0,0,0,0,0,0,0,0,0,0,0,0,0,0,0,0,0,two
0.3281802237033844,0.9497957229614258,1.3414380646281643e-06,0.2788354158401489,0.9410829544067383,-0.07313735783100128,0.24507303535938263,0.9132137298583984,-0.1300608515739441,0.2691420316696167,0.8910865187644958,-0.1785697191953659,0.30719345808029175,0.8371655941009521,-0.2238665372133255,0.2887120246887207,0.748487114906311,-0.14027178287506104,0.27532827854156494,0.6047571897506714,-0.2058422863483429,0.2657665014266968,0.5170855522155762,-0.23674187064170837,0.26202526688575745,0.43894070386886597,-0.25543010234832764,0.355492502450943,0.7303254008293152,-0.13891847431659698,0.39439988136291504,0.5841635465621948,-0.2095034271478653,0.4184161126613617,0.4877878427505493,-0.23961931467056274,0.4361408054828644,0.40436995029449463,-0.2535022497177124,0.40276384353637695,0.7702038288116455,-0.14006519317626953,0.43501928448677063,0.7902607917785645,-0.21641425788402557,0.4174085259437561,0.8815568685531616,-0.22375212609767914,0.39929670095443726,0.9392204284667969,-0.2111656218767166,0.43537724018096924,0.8327264189720154,-0.1453125774860382,0.44884273409843445,0.8740587830543518,-0.20724448561668396,0.43202507495880127,0.929215669631958,-0.21219392120838165,0.41119804978370667,0.9640879034996033,-0.2029024213552475,two
0,0,0,0,0,0,0,0,0,0,0,0,0,0,0,0,0,0,0,0,0,0,0,0,0,0,0,0,0,0,0,0,0,0,0,0,0,0,0,0,0,0,0,0,0,0,0,0,0,0,0,0,0,0,0,0,0,0,0,0,0,0,0,two
0.30715078115463257,0.9607879519462585,1.682684910520038e-06,0.2543990910053253,0.9465655088424683,-0.07162307947874069,0.2241276353597641,0.9047123193740845,-0.1269497573375702,0.26033589243888855,0.8647147417068481,-0.17462091147899628,0.30420637130737305,0.8073853850364685,-0.2185981273651123,0.2623158395290375,0.7433979511260986,-0.1308337301015854,0.2592644691467285,0.6013912558555603,-0.19400911033153534,0.2570548951625824,0.5102565288543701,-0.22601081430912018,0.2606157958507538,0.4289169907569885,-0.24696889519691467,0.33444517850875854,0.7193781733512878,-0.12979687750339508,0.37817826867103577,0.5749475359916687,-0.20875127613544464,0.4097443222999573,0.4757174849510193,-0.25023651123046875,0.43326300382614136,0.3960156738758087,-0.2708249092102051,0.388213187456131,0.7500290870666504,-0.12913264334201813,0.41142362356185913,0.7680455446243286,-0.20516923069953918,0.3931177854537964,0.8702995777130127,-0.2037453055381775,0.3735530972480774,0.9330597519874573,-0.18485280871391296,0.42527294158935547,0.8043568134307861,-0.13331742584705353,0.4286467432975769,0.8326598405838013,-0.1904294639825821,0.4171449542045593,0.8976085782051086,-0.18435825407505035,0.3989483118057251,0.9436596632003784,-0.16655679047107697,two
0.298421174287796,0.993087887763977,1.4654675624115043e-06,0.24964173138141632,0.9592593908309937,-0.044656459242105484,0.22802165150642395,0.9067103266716003,-0.08924619853496552,0.2591288983821869,0.8632971048355103,-0.13131175935268402,0.29292720556259155,0.8026420474052429,-0.17125733196735382,0.28186917304992676,0.7567108273506165,-0.10947342216968536,0.26843512058258057,0.6069815158843994,-0.16721370816230774,0.26089775562286377,0.5154336094856262,-0.1958262175321579,0.25649452209472656,0.43310338258743286,-0.2143803834915161,0.3431028723716736,0.7467696666717529,-0.12200109660625458,0.3821145296096802,0.5846754908561707,-0.1906030923128128,0.41108325123786926,0.47832387685775757,-0.22536665201187134,0.43277889490127563,0.3905189633369446,-0.2428749054670334,0.38573789596557617,0.7891069650650024,-0.13336679339408875,0.4050208330154419,0.7862439751625061,-0.20091548562049866,0.3847755789756775,0.8718358278274536,-0.20127396285533905,0.3654431998729706,0.9278497099876404,-0.18612441420555115,0.4120059311389923,0.8533586859703064,-0.14739562571048737,0.41686582565307617,0.8643775582313538,-0.19987492263317108,0.4030735194683075,0.9046388864517212,-0.19518141448497772,0.3846547305583954,0.9344594478607178,-0.18017955124378204,two
0.30541256070137024,0.9811677932739258,1.5191512829915155e-06,0.2548387050628662,0.9568730592727661,-0.06062321364879608,0.22534194588661194,0.9096008539199829,-0.11055643111467361,0.2616769075393677,0.8683046102523804,-0.15426577627658844,0.30091261863708496,0.8081005811691284,-0.1948847472667694,0.2760814428329468,0.7536053657531738,-0.12295766174793243,0.2700107991695404,0.607645571231842,-0.18373945355415344,0.26511335372924805,0.5168727040290833,-0.2128790020942688,0.2637719511985779,0.4350076913833618,-0.23084017634391785,0.3445724844932556,0.738127589225769,-0.12620480358600616,0.3849134147167206,0.583816409111023,-0.19973301887512207,0.41291719675064087,0.4826827347278595,-0.23591555655002594,0.43316471576690674,0.3991844952106476,-0.25299233198165894,0.3935162127017975,0.7760484218597412,-0.12908639013767242,0.40937215089797974,0.7818297743797302,-0.2004973441362381,0.3858976364135742,0.8754381537437439,-0.19938869774341583,0.365674763917923,0.9349640607833862,-0.18133623898029327,0.42717331647872925,0.8366758823394775,-0.1357056349515915,0.4315811097621918,0.8538811206817627,-0.18858438730239868,0.41671234369277954,0.9104156494140625,-0.1812136173248291,0.3971101641654968,0.9519408941268921,-0.1630600094795227,two
